word	index	count
get	3	496
operator	4	15
class	5	2650
list	6	718
index	7	578
test	8	8452
connect	9	78
color	10	1033
prim	11	213
socket	12	59
remote	13	202
address	14	69
size	15	638
scale	16	142
by	17	609
release	18	143
cache	19	205
empty	20	676
case	21	116
statement	22	37
find	23	265
l	24	50
character	25	166
at	26	1743
the	27	151
beginning	28	19
reversed	29	43
supply	30	6
answer	31	46
using	32	251
regex	33	67
match	34	134
of	35	1750
question	36	10
is	37	3163
inheritable	38	4
read	39	365
from	40	2258
buffer	41	81
into	42	213
starting	43	149
count	44	230
replace	45	185
with	46	3486
ignore	47	40
subsystem	48	1
to	49	2887
first	50	306
category	51	265
number	52	480
name	53	1409
url	54	293
set	55	1269
root	56	251
model	57	350
pushes	58	7
presenter	59	141
subgroups	60	3
query	61	308
method	62	1378
dictionary	63	118
area	64	93
grow	65	39
sent	66	24
messages	67	50
gt	68	823
picture	69	28
for	70	3561
as	71	1063
athens	72	72
paint	73	66
on	74	3598
text	75	1112
editor	76	112
morph	77	416
offset	78	229
optimum	79	1
clear	80	152
previous	81	107
evaluations	82	1
terminate	83	22
add	84	1581
ons	85	8
command	86	168
inherited	87	63
classes	88	341
current	89	273
configuration	90	167
literal	91	243
array	92	318
source	93	562
all	94	1266
arrow	95	63
direction	96	76
render	97	504
ui	98	43
float	99	103
register	100	126
pointer	101	87
mc	102	52
package	103	699
change	104	365
internal	105	74
link	106	228
alias	107	38
ref	108	43
ancor	109	4
separate	110	44
output	111	65
files	112	86
object	113	270
compile	114	82
brbg	115	1
simple	116	239
system	117	156
html	118	56
table	119	268
markups	120	18
arguments	121	146
num	122	54
args	123	46
version	124	678
button	125	553
state	126	284
services	127	15
tear	128	104
down	129	334
next	130	553
put	131	461
common	132	24
parent	133	241
if	134	946
found	135	104
none	136	73
window	137	339
bottom	138	171
duration	139	78
closed	140	32
draw	141	219
submorphs	142	28
bounds	143	259
row	144	310
initialize	145	2334
key	146	508
value	147	933
exact	148	54
sortable	149	11
accept	150	475
environment	151	132
start	152	455
column	153	341
pre	154	63
materialization	155	21
action	156	481
distance	157	70
inverted	158	20
section	159	45
true	160	92
context	161	616
ending	162	20
point	163	315
constraints	164	49
abstract	165	164
binding	166	68
update	167	582
glamorously	168	5
red	169	30
execution	170	57
outgoing	171	95
type	172	582
declarations	173	16
in	174	2400
present	175	126
open	176	352
gl	177	19
surface	178	85
areas	179	19
store	180	278
extent	181	296
annotation	182	185
are	183	75
trimed	184	6
right	185	405
end	186	376
limit	187	77
has	188	855
dynamic	189	27
items	190	393
low	191	32
threshold	192	19
high	193	23
data	194	317
author	195	44
remove	196	869
attribute	197	207
tr	198	9
mouse	199	364
up	200	715
normalize	201	64
display	202	255
selected	203	632
directory	204	228
destination	205	19
task	206	40
print	207	617
byte	208	133
explore	209	18
default	210	1254
spec	211	367
repository	212	373
enable	213	61
commands	214	47
time	215	255
auto	216	95
many	217	67
squares	218	2
scope	219	364
project	220	332
import	221	239
provides	222	12
breakpoint	223	9
manager	224	37
successor	225	12
sequences	226	9
anchor	227	155
positions	228	57
highlight	229	144
inspector	230	137
page	231	148
simulate	232	21
move	233	193
inside	234	29
without	235	291
center	236	145
issue	237	39
explanation	238	21
example	239	1109
nested	240	74
block	241	665
scoping	242	6
when	243	392
selection	244	557
changed	245	429
elevation	246	8
height	247	266
min	248	233
max	249	336
heading	250	38
and	251	771
fire	252	19
parser	253	90
apply	254	149
sparta	255	58
font	256	296
builder	257	122
comment	258	276
check	259	284
commented	260	20
style	261	516
node	262	807
icon	263	626
do	264	1265
shoulder	265	1
label	266	555
only	267	126
suffix	268	33
neurons	269	5
answers	270	10
contents	271	243
decorate	272	90
result	273	339
short	274	54
string	275	883
enqueue	276	24
known	277	38
ide	278	1
dependencies	279	158
xd	280	5
stored	281	46
playgrounds	282	2
flow	283	53
poperty	284	1
selector	285	544
part	286	38
below	287	20
canvas	288	170
unsent	289	3
retries	290	4
generator	291	37
family	292	17
temporary	293	53
file	294	678
new	295	1288
like	296	22
old	297	96
usa	298	2
population	299	14
report	300	46
image	301	217
parameters	302	160
rename	303	98
variable	304	612
full	305	220
coder	306	65
definitions	307	44
properties	308	99
configure	309	47
tree	310	282
content	311	364
unclassified	312	4
children	313	343
creation	314	74
collection	315	317
entities	316	62
platform	317	49
attributes	318	182
possible	319	34
cursor	320	132
position	321	445
problem	322	14
equal	323	96
pass	324	28
give	325	5
focus	326	176
descending	327	11
same	328	124
different	329	69
view	330	336
removed	331	101
subclass	332	119
error	333	439
drag	334	108
drop	335	161
select	336	461
last	337	288
tab	338	165
create	339	612
multiple	340	99
traits	341	41
second	342	107
handler	343	159
handlers	344	46
show	345	233
encompassing	346	26
rectangles	347	13
arbitrary	348	9
precision	349	46
bits	350	48
word	351	83
allowed	352	21
close	353	219
slide	354	46
reference	355	297
deprecated	356	22
average	357	48
major	358	37
minor	359	32
message	360	291
real	361	67
redo	362	24
exists	363	51
i	364	16
y	365	115
z	366	27
will	367	11
run	368	253
predictive	369	4
animations	370	19
magenta	371	5
deep	372	34
copy	373	486
evaluate	374	69
bindings	375	43
julian	376	13
day	377	82
fix	378	30
obsolete	379	20
references	380	148
deprecation	381	8
warnings	382	7
radius	383	52
unique	384	53
names	385	301
cull	386	13
visit	387	867
meaningful	388	1
depth	389	77
figure	390	76
year	391	87
spy	392	15
process	393	194
milliseconds	394	29
editing	395	39
mode	396	102
seconds	397	73
build	398	386
search	399	178
bit	400	64
reverse	401	72
advanced	402	5
moose	403	150
interesting	404	14
entity	405	168
greedy	406	6
corresponding	407	8
abs	408	23
base	409	162
peek	410	64
modifier	411	23
element	412	708
holder	413	68
layout	414	414
map	415	162
nb	416	44
u	417	11
int	418	27
wrap	419	55
latest	420	22
matching	421	71
included	422	20
blessings	423	5
excluded	424	4
hash	425	255
phase	426	22
behavior	427	99
hudson	428	4
pretty	429	26
measure	430	57
paragraph	431	119
passenger	432	15
options	433	56
removal	434	63
merge	435	168
nan	436	427
expr	437	10
seq	438	13
lightweight	439	5
ensure	440	140
running	441	28
not	442	668
break	443	34
smalltalk	444	44
columns	445	113
checkbox	446	45
send	447	229
top	448	265
back	449	59
arrowhead	450	6
remember	451	8
elements	452	346
vertical	453	128
encode	454	61
fill	455	380
menu	456	537
title	457	251
activator	458	7
baseline	459	153
header	460	170
attached	461	12
use	462	174
reg	463	8
ex	464	9
stack	465	99
that	466	57
begins	467	17
space	468	186
template	469	100
var	470	218
shape	471	260
shortcut	472	185
b	473	53
another	474	47
follow	475	25
actions	476	94
living	477	2
days	478	43
length	479	178
pin	480	9
box	481	117
clicked	482	24
item	483	617
form	484	268
slash	485	17
dark	486	7
theme	487	53
uml	488	13
branch	489	161
id	490	185
super	491	73
sends	492	34
siblings	493	3
ascii	494	22
initial	495	120
focused	496	20
metalink	497	13
toggle	498	87
or	499	258
line	500	456
shoplist	501	5
meta	502	143
instance	503	358
slot	504	68
un	505	6
stream	506	270
property	507	235
rhomboid	508	3
child	509	199
entry	510	147
any	511	138
non	512	226
incoming	513	111
conflicts	514	35
level	515	145
specification	516	3
choose	517	82
owner	518	92
resumable	519	16
failure	520	72
scrolled	521	20
singleton	522	11
reset	523	305
created	524	25
suspended	525	19
processes	526	19
strong	527	6
adopt	528	51
pane	529	84
counter	530	24
neglect	531	2
applied	532	14
browser	533	271
branches	534	29
lists	535	12
slashes	536	3
methods	537	325
runs	538	6
merged	539	20
foo	540	37
horizontal	541	147
alignment	542	85
age	543	19
shift	544	53
parse	545	262
numbering	546	3
executed	547	78
belongs	548	32
hmac	549	1
yamlm	550	3
cached	551	58
expanded	552	84
date	553	104
dist	554	15
thrown	555	5
exceptions	556	21
rank	557	20
increment	558	18
opposite	559	31
debugger	560	30
history	561	40
side	562	122
matrix	563	94
sign	564	24
absent	565	391
shadow	566	48
can	567	233
be	568	483
left	569	416
execute	570	336
partially	571	2
dt	572	11
coverage	573	17
sub	574	123
results	575	53
leafs	576	9
location	577	71
user	578	84
password	579	101
it	580	152
t	581	117
aliases	582	7
fm	583	19
description	584	259
fetch	585	36
updates	586	13
tracked	587	9
snapshot	588	90
primitive	589	116
argument	590	155
within	591	65
validation	592	15
scenario	593	1
wais	594	1
gateway	595	2
then	596	69
collect	597	167
substrings	598	4
preformatted	599	16
available	600	76
selectors	601	108
smooth	602	25
scroll	603	225
velocity	604	8
before	605	109
load	606	284
schedule	607	20
converter	608	3
bounce	609	8
legend	610	47
width	611	441
extension	612	103
handle	613	361
month	614	86
touched	615	2
axis	616	72
make	617	60
emphasize	618	7
scanner	619	10
delete	620	109
renderbuffer	621	7
compute	622	152
candidate	623	41
receiving	624	10
status	625	116
manipulation	626	2
used	627	46
private	628	143
tabs	629	33
filling	630	29
two	631	131
contains	632	59
http	633	40
invalid	634	64
returns	635	30
than	636	92
builtin	637	2
module	638	35
decrement	639	10
world	640	92
compilation	641	21
seen	642	27
packages	643	260
mapping	644	29
group	645	315
aggregate	646	19
no	647	316
such	648	31
ase	649	6
circuit	650	8
graph	651	84
squeakfoundation	652	1
temp	653	197
dispatch	654	55
ffi	655	52
callout	656	22
v	657	59
bar	658	183
named	659	657
weight	660	44
annotations	661	18
pattern	662	97
expired	663	17
now	664	23
loader	665	30
decorator	666	23
plugins	667	25
nullify	668	1
finish	669	13
extendable	670	1
most	671	20
event	672	576
views	673	18
mixing	674	2
unary	675	27
accessing	676	52
return	677	227
notify	678	87
profiled	679	1
deselect	680	34
snippet	681	61
double	682	120
quotes	683	5
target	684	178
trace	685	20
variables	686	148
rows	687	80
satisfing	688	7
modified	689	43
switch	690	48
activated	691	38
edges	692	131
certificate	693	1
client	694	43
step	695	254
worst	696	17
three	697	34
nodes	698	287
candidates	699	23
doing	700	7
adding	701	30
definition	702	233
prevent	703	5
reject	704	46
tempting	705	1
azure	706	1
out	707	139
species	708	27
supports	709	46
bytecode	710	47
sets	711	24
progress	712	56
xhtml	713	3
strict	714	4
added	715	91
hide	716	64
measurement	717	27
animation	718	36
constant	719	36
decompile	720	7
decompiler	721	2
clip	722	53
path	723	346
github	724	40
scp	725	21
attach	726	74
span	727	55
splitter	728	20
slides	729	15
consume	730	13
white	731	14
reduce	732	57
gesture	733	26
port	734	92
enabled	735	179
arc	736	44
commi	737	1
master	738	7
log	739	168
let	740	9
force	741	42
polynomial	742	25
multiplication	743	5
inverse	744	51
rule	745	177
rb	746	74
bad	747	41
false	748	98
positive	749	75
required	750	39
lib	751	4
git	752	29
minimum	753	40
enumerate	754	8
tool	755	77
should	756	353
implicit	757	35
completion	758	48
civ	759	2
parameter	760	200
contract	761	4
around	762	26
directions	763	7
expanding	764	4
help	765	111
declared	766	15
debugging	767	20
maximize	768	18
descriptions	769	7
hostname	770	11
generate	771	122
transposed	772	6
patch	773	48
post	774	166
active	775	113
ssh	776	29
protocol	777	134
margin	778	43
fixture	779	36
nth	780	8
peter	781	2
dialog	782	44
necessary	783	41
one	784	224
tag	785	174
transform	786	219
pi	787	14
host	788	88
symbol	789	115
pharo	790	54
logo	791	18
marge	792	1
rectangle	793	157
trait	794	163
token	795	79
reason	796	20
panel	797	46
k	798	16
testremove	799	3
require	800	14
widget	801	110
distinct	802	8
gc	803	17
ajax	804	10
setup	805	19
includes	806	266
punctuation	807	16
sort	808	104
permissions	809	2
gantt	810	3
preview	811	127
defined	812	78
this	813	37
else	814	10
superscript	815	17
format	816	214
rt	817	14
compiled	818	49
projects	819	26
null	820	50
presenters	821	23
needed	822	28
cytoscape	823	18
installed	824	21
serialize	825	68
global	826	130
mimetype	827	4
detect	828	84
defining	829	35
code	830	307
inner	831	66
pixel	832	29
rect	833	70
taskbar	834	70
variant	835	3
borderless	836	13
processors	837	19
exp	838	12
ln	839	16
cancel	840	61
edit	841	32
requested	842	20
bias	843	9
bfs	844	3
pressed	845	95
preferences	846	12
omission	847	2
background	848	172
sessions	849	5
analysis	850	19
browse	851	129
breakpoints	852	4
including	853	8
halts	854	4
testing	855	27
slots	856	32
unlimited	857	1
export	858	73
mse	859	20
undo	860	60
operation	861	86
embeded	862	5
packageloads	863	2
shallow	864	5
draggable	865	24
place	866	21
multiply	867	42
accumulate	868	13
repeat	869	29
notifying	870	28
fail	871	39
invocated	872	3
provider	873	66
my	874	33
disabled	875	75
normal	876	104
extra	877	70
merger	878	7
api	879	15
signed	880	21
long	881	74
best	882	29
valid	883	79
cascade	884	34
rshift	885	2
replaced	886	3
may	887	13
insert	888	47
far	889	19
zero	890	73
sum	891	41
consts	892	1
functional	893	4
identificator	894	5
justified	895	7
commits	896	52
control	897	49
points	898	62
spacer	899	10
shortcuts	900	30
plugin	901	48
summarize	902	3
info	903	128
expand	904	94
disconnected	905	9
roots	906	43
resume	907	29
pull	908	37
request	909	201
dragged	910	6
standard	911	37
coerce	912	6
receiver	913	106
stopword	914	2
binary	915	91
expression	916	63
more	917	58
layer	918	29
gap	919	48
raise	920	39
clone	921	13
optimized	922	30
enclosing	923	6
mark	924	50
serialized	925	12
stroke	926	83
transparent	927	23
callback	928	97
reader	929	41
refreshing	930	2
was	931	20
handled	932	8
cr	933	53
satisfying	934	4
narrow	935	4
head	936	109
loads	937	15
resize	938	72
working	939	82
copies	940	5
rope	941	12
identical	942	19
objects	943	91
namespace	944	61
dependents	945	22
fields	946	29
push	947	208
take	948	27
keyboard	949	81
validate	950	84
negative	951	46
https	952	16
self	953	132
hosted	954	3
gitlab	955	3
response	956	60
above	957	21
floor	958	10
align	959	71
resolver	960	17
keywords	961	26
commit	962	185
after	963	167
rules	964	40
begin	965	55
writer	966	45
round	967	40
pragma	968	106
enumeration	969	38
signal	970	124
updateable	971	4
identity	972	106
directly	973	17
interrupt	974	2
invalidated	975	4
edits	976	28
healthy	977	9
border	978	306
pixels	979	23
lenient	980	2
unhighlight	981	14
bracket	982	10
composition	983	22
calculate	984	47
deceleration	985	4
svg	986	28
markup	987	95
referee	988	15
yellow	989	39
does	990	134
understand	991	21
superclasses	992	22
wither	993	1
visible	994	80
general	995	5
other	996	72
order	997	114
prepare	998	89
quote	999	18
csv	1000	13
download	1001	18
cycle	1002	50
exception	1003	110
signature	1004	19
compare	1005	48
ston	1006	53
javascript	1007	38
ice	1008	21
surround	1009	2
recursive	1010	21
success	1011	32
accessors	1012	27
refactoring	1013	85
sunit	1014	4
exit	1015	19
strategy	1016	118
preference	1017	9
clipboard	1018	32
composite	1019	73
shuffled	1020	3
feedback	1021	7
resolve	1022	64
suggested	1023	4
writers	1024	3
responsible	1025	5
acquire	1026	4
sticky	1027	4
osx	1028	5
restored	1029	4
priority	1030	52
upgrade	1031	14
loaded	1032	73
local	1033	237
black	1034	21
small	1035	103
degrees	1036	17
dialogs	1037	1
arrows	1038	5
implemented	1039	24
lf	1040	27
actual	1041	153
revision	1042	2
caret	1043	8
keymap	1044	33
origin	1045	74
intersect	1046	14
profile	1047	10
transitional	1048	1
affected	1049	94
caught	1050	7
until	1051	60
static	1052	21
referencing	1053	27
write	1054	321
navigation	1055	55
types	1056	89
p	1057	29
interpolator	1058	8
scan	1059	81
split	1060	49
caption	1061	35
exported	1062	11
bloc	1063	15
vector	1064	110
encoder	1065	36
filetree	1066	7
scrolling	1067	6
enumerating	1068	3
pop	1069	82
hand	1070	50
sender	1071	21
centered	1072	31
styler	1073	28
frame	1074	118
hms	1075	3
separated	1076	12
unknow	1077	1
translating	1078	5
matches	1079	156
declarative	1080	4
script	1081	147
container	1082	111
metric	1083	18
curve	1084	32
translated	1085	4
squished	1086	2
dep	1087	2
ok	1088	67
language	1089	58
spotter	1090	130
grammar	1091	7
breadth	1092	70
orientation	1093	13
halo	1094	50
stell	1095	1
keys	1096	105
values	1097	195
assert	1098	194
behind	1099	17
sin	1100	26
allows	1101	15
aligned	1102	14
listener	1103	21
sorted	1104	81
factors	1105	3
extensions	1106	39
getting	1107	8
condition	1108	51
checkout	1109	26
emphasis	1110	32
tags	1111	39
july	1112	1
embedding	1113	6
iris	1114	1
marker	1115	40
x	1116	115
linear	1117	38
unexpanded	1118	3
n	1119	33
scrap	1120	21
field	1121	105
document	1122	179
monospace	1123	19
h	1124	74
leftover	1125	4
range	1126	130
unmatched	1127	7
headers	1128	40
resources	1129	27
selects	1130	46
solution	1131	2
c	1132	95
passive	1133	20
over	1134	140
analyzing	1135	9
curvature	1136	7
association	1137	67
beta	1138	8
announcer	1139	48
under	1140	14
specific	1141	19
mime	1142	74
playground	1143	13
pages	1144	15
renamed	1145	22
announcement	1146	46
include	1147	32
relations	1148	6
corner	1149	70
google	1150	1
encrypted	1151	13
forward	1152	34
dedent	1153	4
ol	1154	9
skip	1155	39
overlapping	1156	14
changes	1157	162
ignoring	1158	16
copyright	1159	2
typical	1160	3
bold	1161	37
nose	1162	5
angle	1163	58
animator	1164	1
undeterminate	1165	3
dependent	1166	40
hhmm	1167	2
ceiling	1168	5
func	1169	5
def	1170	18
affects	1171	59
extended	1172	16
blank	1173	25
union	1174	19
product	1175	36
morphic	1176	40
arithmetics	1177	20
subtract	1178	25
series	1179	47
secondary	1180	28
connected	1181	44
edge	1182	111
interactions	1183	36
inject	1184	11
normalizer	1185	10
define	1186	51
comparison	1187	32
millenium	1188	1
structure	1189	33
diagrammer	1190	10
basic	1191	431
replacement	1192	30
uncompleted	1193	3
recategorized	1194	6
models	1195	22
domain	1196	27
numeric	1197	8
emit	1198	61
uri	1199	20
scripts	1200	3
snap	1201	10
mask	1202	33
external	1203	168
superclass	1204	86
here	1205	10
stopped	1206	8
directives	1207	10
indent	1208	39
activation	1209	153
unordered	1210	27
detach	1211	19
infinite	1212	12
unions	1213	1
mantissa	1214	3
exponent	1215	18
requests	1216	10
transcript	1217	21
refresh	1218	106
delay	1219	38
referenced	1220	52
occurrences	1221	27
country	1222	16
identifier	1223	30
pillar	1224	29
representation	1225	25
decorated	1226	30
fame	1227	9
encoded	1228	44
latin	1229	7
popup	1230	70
tonel	1231	6
interpret	1232	11
a	1233	171
little	1234	9
endian	1235	19
raw	1236	54
groups	1237	52
init	1238	83
events	1239	44
multipart	1240	5
xyz	1241	2
strategies	1242	9
namibia	1243	1
widgets	1244	79
discard	1245	16
sequence	1246	64
subscribe	1247	30
component	1248	52
rendering	1249	14
processor	1250	32
highlighted	1251	22
visited	1252	29
single	1253	121
click	1254	176
activate	1255	65
offer	1256	5
renderer	1257	46
arg	1258	36
indirect	1259	5
ptr	1260	2
arity	1261	23
subscriptions	1262	12
fixed	1263	42
equivalently	1264	1
defines	1265	50
stop	1266	127
save	1267	76
kill	1268	1
overrides	1269	23
metaclass	1270	53
adapt	1271	51
dx	1272	2
silently	1273	28
interactive	1274	18
shadowing	1275	15
finished	1276	16
outer	1277	49
retrieve	1278	19
axes	1279	2
equals	1280	48
swap	1281	39
buttons	1282	51
nil	1283	158
critic	1284	16
keyword	1285	45
try	1286	20
stmt	1287	20
guess	1288	14
face	1289	38
habicht	1290	6
pools	1291	14
deactivate	1292	7
join	1293	105
tan	1294	22
denominator	1295	3
rotation	1296	33
clean	1297	96
trigger	1298	60
future	1299	8
middle	1300	46
locations	1301	18
searching	1302	11
sorting	1303	15
enum	1304	22
floating	1305	6
removing	1306	16
eighth	1307	4
safelly	1308	1
reading	1309	36
ratio	1310	24
continuation	1311	19
satisfy	1312	22
flush	1313	75
visibles	1314	5
baselines	1315	2
voyage	1316	4
invocation	1317	29
reification	1318	8
nesting	1319	18
cell	1320	150
concatenation	1321	11
duplicate	1322	25
option	1323	108
declare	1324	9
sharing	1325	3
week	1326	29
cannot	1327	12
subject	1328	25
integer	1329	151
describes	1330	3
finalization	1331	8
session	1332	80
settings	1333	87
s	1334	46
monitor	1335	17
announces	1336	3
mustachable	1337	2
decode	1338	44
dc	1339	3
ac	1340	2
fork	1341	16
wait	1342	71
shutdown	1343	9
wrapper	1344	17
trailer	1345	19
o	1346	3
mock	1347	38
announce	1348	40
perform	1349	81
stemming	1350	4
hit	1351	8
stepping	1352	21
fullscreen	1353	21
tarjan	1354	7
undefined	1355	18
xml	1356	47
finder	1357	28
examples	1358	97
dummy	1359	6
four	1360	21
diff	1361	91
preamble	1362	22
sinh	1363	8
char	1364	75
codec	1365	13
minimize	1366	14
e	1367	15
likert	1368	1
toolbar	1369	65
play	1370	33
book	1371	21
parts	1372	24
unsubscribe	1373	16
ctrl	1374	8
locally	1375	1
memory	1376	29
env	1377	6
whitespace	1378	18
deeply	1379	7
cleanup	1380	4
paging	1381	4
keystrokes	1382	6
unregister	1383	40
adaptor	1384	9
installs	1385	4
enter	1386	60
manually	1387	11
resolved	1388	15
fonts	1389	10
existant	1390	26
visualization	1391	26
traited	1392	1
thumbnail	1393	14
referencer	1394	16
timezone	1395	3
metamodel	1396	51
bytes	1397	39
vertices	1398	23
states	1399	19
diverging	1400	5
palette	1401	17
deleted	1402	11
folder	1403	42
spanning	1404	4
something	1405	11
sourced	1406	7
eeof	1407	1
ylgn	1408	1
deployment	1409	3
protocols	1410	26
literals	1411	22
explicite	1412	4
localy	1413	2
append	1414	22
potential	1415	28
debug	1416	81
proceed	1417	7
safely	1418	6
inst	1419	122
anon	1420	2
separator	1421	68
blue	1422	28
installation	1423	2
adjust	1424	26
allow	1425	30
underscore	1426	6
assignment	1427	52
codes	1428	8
public	1429	17
custom	1430	56
implementors	1431	35
updated	1432	18
parsers	1433	6
reflected	1434	3
via	1435	25
negate	1436	11
waiting	1437	13
equivalent	1438	7
invariant	1439	13
metrics	1440	17
gradient	1441	53
untrack	1442	1
finger	1443	7
clock	1444	10
multi	1445	55
performance	1446	2
inlined	1447	32
recording	1448	2
tip	1449	5
histogram	1450	16
additional	1451	14
expandable	1452	8
incrementally	1453	2
scroller	1454	17
shifted	1455	24
while	1456	66
xsd	1457	15
effect	1458	25
indexes	1459	46
install	1460	83
filter	1461	204
fade	1462	14
become	1463	14
principal	1464	2
diagonal	1465	4
gm	1466	1
override	1467	24
delta	1468	42
pragmas	1469	34
library	1470	31
flag	1471	19
translate	1472	91
escape	1473	50
capacity	1474	9
behaviours	1475	3
deferred	1476	11
routes	1477	2
signatures	1478	3
existing	1479	75
json	1480	81
resizable	1481	24
regular	1482	18
combine	1483	12
embedded	1484	16
reload	1485	5
months	1486	9
flat	1487	23
stdev	1488	4
connection	1489	54
bounding	1490	10
preformated	1491	9
application	1492	48
truncate	1493	8
shapes	1494	25
connector	1495	14
ns	1496	37
pair	1497	12
frames	1498	13
multiplier	1499	7
upto	1500	5
recursion	1501	16
interaction	1502	71
re	1503	11
maximum	1504	48
construct	1505	20
dot	1506	30
d	1507	66
sole	1508	6
original	1509	26
wants	1510	112
nonspacing	1511	3
filename	1512	17
interval	1513	88
smacc	1514	1
commas	1515	2
registration	1516	15
uppercase	1517	17
desired	1518	10
colormap	1519	5
argb	1520	6
against	1521	25
watcher	1522	8
inactive	1523	12
statements	1524	21
stepper	1525	19
lookup	1526	66
declaration	1527	36
mpp	1528	1
complex	1529	38
managed	1530	4
shared	1531	50
iso	1532	27
zoom	1533	30
fit	1534	45
loose	1535	6
throws	1536	8
members	1537	3
theta	1538	6
related	1539	31
leading	1540	19
sequential	1541	4
trim	1542	32
digits	1543	27
scrollbar	1544	78
november	1545	1
already	1546	51
destroy	1547	37
texture	1548	23
padded	1549	14
requestor	1550	18
symmetric	1551	10
card	1552	3
pairs	1553	14
roassal	1554	26
wide	1555	38
balloon	1556	59
zap	1557	5
organization	1558	29
sizing	1559	2
memoized	1560	11
note	1561	22
paths	1562	9
contact	1563	15
priv	1564	7
famix	1565	56
libraries	1566	8
measured	1567	13
defaults	1568	11
committed	1569	5
critiques	1570	28
they	1571	4
computed	1572	18
yet	1573	4
translucent	1574	17
rotate	1575	25
about	1576	62
big	1577	22
ground	1578	2
testadd	1579	1
colortext	1580	1
fie	1581	2
grows	1582	2
const	1583	6
dominates	1584	6
globals	1585	13
pier	1586	4
lowercase	1587	11
newline	1588	27
symbolic	1589	26
explicitly	1590	6
exist	1591	52
preserve	1592	6
proportion	1593	1
prefered	1594	5
math	1595	9
parents	1596	29
mappings	1597	12
searched	1598	18
interruptable	1599	3
alarm	1600	16
times	1601	27
inform	1602	21
failed	1603	33
collapse	1604	29
input	1605	118
addition	1606	73
cookies	1607	22
benchmark	1608	4
transformation	1609	32
bezier	1610	24
lines	1611	106
calls	1612	21
ban	1613	22
printing	1614	11
per	1615	33
inch	1616	3
ep	1617	15
transformed	1618	17
hidden	1619	17
filtered	1620	25
spaces	1621	22
collapsed	1622	29
kern	1623	19
codecs	1624	1
conflict	1625	38
metacello	1626	106
repositories	1627	83
solid	1628	11
handles	1629	78
entries	1630	47
margins	1631	19
interest	1632	4
invalidate	1633	23
during	1634	125
r	1635	29
lat	1636	3
lon	1637	2
total	1638	52
scaled	1639	22
decimal	1640	31
mid	1641	14
upper	1642	13
absolute	1643	47
too	1644	16
server	1645	70
thumb	1646	31
explicit	1647	32
utc	1648	13
microseconds	1649	8
following	1650	8
sy	1651	5
thousands	1652	3
reuse	1653	10
alpha	1654	36
armenia	1655	1
travelled	1656	4
delimiter	1657	27
freeze	1658	2
hsl	1659	4
hue	1660	4
slider	1661	36
thickness	1662	12
segment	1663	41
pack	1664	11
accessor	1665	21
keystroke	1666	40
equality	1667	28
forbidden	1668	9
fails	1669	14
dependency	1670	56
dirty	1671	22
bench	1672	26
rl	1673	2
semantic	1674	39
descendent	1675	1
function	1676	81
green	1677	19
production	1678	5
underteminate	1679	4
visitor	1680	55
overflow	1681	7
ir	1682	14
instruction	1683	10
suite	1684	27
trimmed	1685	8
main	1686	58
aborted	1687	3
according	1688	12
expander	1689	6
syntax	1690	38
trachel	1691	53
derived	1692	18
selections	1693	11
serialization	1694	9
spacing	1695	36
chars	1696	11
direct	1697	28
circuits	1698	5
positioning	1699	6
gen	1700	87
umbrella	1701	2
da	1702	5
inset	1703	35
convert	1704	86
obtain	1705	47
reopen	1706	2
access	1707	62
determine	1708	7
fragment	1709	11
locator	1710	4
traverse	1711	5
excluding	1712	4
dimension	1713	29
both	1714	25
instances	1715	41
tl	1716	17
formatted	1717	13
warning	1718	37
widen	1719	8
comments	1720	42
embeddable	1721	3
udp	1722	6
radio	1723	39
disable	1724	58
jamaica	1725	1
enclosure	1726	9
stamp	1727	51
but	1728	34
feature	1729	1
subclasses	1730	77
dash	1731	20
unselect	1732	40
prefetch	1733	5
perma	1734	9
links	1735	44
glamorous	1736	9
timing	1737	19
unschedule	1738	5
aclass	1739	1
allocations	1740	2
between	1741	50
fetched	1742	2
called	1743	9
internally	1744	3
fanin	1745	2
balance	1746	5
hi	1747	4
fills	1748	10
unborn	1749	9
prefix	1750	55
buckets	1751	3
rebuild	1752	25
boolean	1753	57
odd	1754	11
stats	1755	18
passed	1756	11
live	1757	20
ports	1758	9
unsafe	1759	7
details	1760	16
pure	1761	16
lup	1762	4
could	1763	4
have	1764	26
rounded	1765	30
corners	1766	30
stay	1767	9
targeting	1768	17
ordered	1769	56
writable	1770	6
decreasing	1771	1
hex	1772	26
hierarchy	1773	105
config	1774	40
quaternion	1775	9
median	1776	11
adjacent	1777	10
demand	1778	6
nest	1779	10
inv	1780	2
trans	1781	6
providers	1782	15
runge	1783	3
kutta	1784	3
symbols	1785	9
weighted	1786	16
circle	1787	54
parametrized	1788	27
contained	1789	26
subwidget	1790	6
extract	1791	56
sections	1792	12
derivative	1793	6
subscript	1794	20
seaside	1795	57
tests	1796	36
sequenceable	1797	5
primary	1798	50
tmp	1799	4
detached	1800	28
responsibility	1801	5
some	1802	19
figures	1803	3
irrelevant	1804	1
dict	1805	14
unchosen	1806	2
unsigned	1807	22
encoding	1808	53
gzip	1809	6
heads	1810	3
landmarks	1811	15
cap	1812	20
jpeg	1813	12
conditions	1814	21
satisfied	1815	1
bars	1816	30
garbage	1817	18
versions	1818	43
exchange	1819	7
proxy	1820	40
cluster	1821	30
convention	1822	7
desktop	1823	24
expected	1824	69
substring	1825	25
conflicting	1826	5
serial	1827	11
teletype	1828	3
computable	1829	3
delegate	1830	31
intersection	1831	28
disjoint	1832	4
dive	1833	11
decoration	1834	43
normalized	1835	17
inline	1836	69
mixed	1837	14
digit	1838	47
logic	1839	4
forwarding	1840	1
drawables	1841	6
vars	1842	26
restore	1843	66
js	1844	21
username	1845	49
oval	1846	10
physical	1847	9
coefficient	1848	3
missing	1849	56
sanity	1850	1
perspective	1851	2
these	1852	1
g	1853	17
toolkit	1854	6
shown	1855	7
nullable	1856	24
stable	1857	16
occupied	1858	9
radians	1859	11
subqueries	1860	11
outside	1861	48
body	1862	53
based	1863	42
dots	1864	6
closure	1865	51
opcodes	1866	2
visibility	1867	15
adapter	1868	21
nearest	1869	13
padding	1870	49
timeout	1871	54
senders	1872	37
city	1873	8
callcc	1874	3
concept	1875	5
hsv	1876	3
releases	1877	8
surrogate	1878	6
an	1879	22
enotfound	1880	1
difference	1881	30
accepted	1882	10
bubbling	1883	2
nils	1884	28
windows	1885	23
miller	1886	2
hello	1887	8
look	1888	19
receive	1889	23
utf	1890	24
pool	1891	77
dictionaries	1892	14
lg	1893	1
applies	1894	5
styled	1895	7
lock	1896	33
selecting	1897	10
separators	1898	11
sides	1899	10
minute	1900	22
hides	1901	3
uniqueness	1902	5
opposites	1903	2
brush	1904	13
good	1905	7
prime	1906	13
labels	1907	35
term	1908	28
unified	1909	8
successful	1910	2
boundary	1911	14
selectable	1912	4
redraw	1913	8
prepend	1914	5
unless	1915	3
ast	1916	40
touch	1917	39
fingers	1918	21
swipe	1919	7
extents	1920	8
multiline	1921	18
abcissa	1922	2
neighbor	1923	2
portugal	1924	1
region	1925	2
polygon	1926	17
grip	1927	4
dest	1928	22
amount	1929	18
modify	1930	21
errors	1931	28
contexts	1932	6
shader	1933	5
unknown	1934	60
fraction	1935	68
guide	1936	1
iv	1937	3
specs	1938	45
ordering	1939	14
quoted	1940	20
downgrade	1941	3
plain	1942	31
complexity	1943	17
listen	1944	13
backlog	1945	5
periods	1946	4
terminating	1947	2
opened	1948	19
infered	1949	1
creates	1950	21
large	1951	29
materializer	1952	3
tally	1953	33
unicode	1954	9
wiresong	1955	1
unix	1956	12
resource	1957	54
probably	1958	4
ghost	1959	17
core	1960	18
reshape	1961	1
dimensions	1962	6
unload	1963	30
glyph	1964	21
checkboxes	1965	4
inheritance	1966	28
pc	1967	20
powers	1968	1
scrambled	1969	4
email	1970	15
addresses	1971	9
percent	1972	11
sx	1973	3
mongo	1974	29
setting	1975	105
postion	1976	4
period	1977	20
front	1978	23
dry	1979	7
controller	1980	24
slopes	1981	4
did	1982	2
importing	1983	35
queue	1984	30
pulse	1985	20
shows	1986	13
them	1987	3
correct	1988	22
continued	1989	2
spinner	1990	3
rigid	1991	3
finalize	1992	32
happy	1993	3
fisher	1994	3
occupy	1995	3
transmit	1996	8
layers	1997	5
transformations	1998	11
suggestion	1999	2
implement	2000	2
lesser	2001	1
greater	2002	18
ver	2003	1
pos	2004	19
factory	2005	33
uncompiled	2006	1
ticks	2007	40
pub	2008	2
support	2009	12
scheme	2010	24
visiblity	2011	1
dismiss	2012	6
characters	2013	54
crlf	2014	9
foobar	2015	2
gofer	2016	28
gives	2017	10
cogit	2018	1
go	2019	18
cos	2020	25
demo	2021	18
labeled	2022	22
ruler	2023	12
stretch	2024	10
vertically	2025	17
resists	2026	5
provisions	2027	3
multistate	2028	2
mac	2029	15
animate	2030	13
closing	2031	19
must	2032	21
dynamically	2033	5
translation	2034	31
stub	2035	19
infix	2036	3
op	2037	3
writeable	2038	3
machine	2039	12
strings	2040	20
loc	2041	7
nom	2042	5
interpolate	2043	37
decoded	2044	6
logging	2045	9
off	2046	28
inclusion	2047	5
written	2048	12
caps	2049	4
spawn	2050	26
thread	2051	9
confirm	2052	24
preconditions	2053	41
frontier	2054	2
bag	2055	6
reified	2056	9
atom	2057	12
ready	2058	8
development	2059	20
beg	2060	2
st	2061	10
darker	2062	2
complied	2063	1
steps	2064	26
squarify	2065	14
copying	2066	11
scopes	2067	21
counters	2068	2
qualified	2069	4
uninterpolate	2070	3
partial	2071	13
recycle	2072	13
interface	2073	8
modal	2074	30
circles	2075	9
ends	2076	18
raises	2077	43
intervals	2078	11
home	2079	22
os	2080	22
blessing	2081	16
pieces	2082	1
cut	2083	5
where	2084	30
projection	2085	6
uses	2086	53
keeps	2087	13
gif	2088	6
least	2089	8
connections	2090	25
extend	2091	14
fan	2092	9
returning	2093	7
lang	2094	1
saturation	2095	4
democratic	2096	1
republic	2097	3
congo	2098	1
several	2099	6
ulong	2100	3
recent	2101	10
tools	2102	30
cly	2103	3
less	2104	37
cpu	2105	8
usage	2106	7
modification	2107	65
execption	2108	1
getter	2109	24
aaa	2110	2
ivar	2111	5
bytecodes	2112	8
uninitialized	2113	3
factor	2114	21
trns	2115	1
chunk	2116	31
highlightable	2117	8
always	2118	15
walk	2119	9
along	2120	14
displayed	2121	14
xor	2122	9
colors	2123	46
categories	2124	32
checked	2125	8
pushing	2126	3
credential	2127	15
converting	2128	29
async	2129	24
metadata	2130	19
given	2131	7
compiler	2132	23
gravity	2133	9
ancestors	2134	34
credentials	2135	30
containing	2136	25
italic	2137	28
coalesce	2138	1
mm	2139	13
faces	2140	15
executor	2141	6
pairwise	2142	2
distances	2143	7
timestamp	2144	25
opt	2145	1
chosen	2146	14
cairo	2147	14
decorations	2148	4
lenght	2149	1
queueing	2150	2
scene	2151	24
prepost	2152	6
setter	2153	21
tokenizer	2154	1
flip	2155	6
completed	2156	13
bind	2157	37
gtoolkit	2158	3
objectprofile	2159	2
eigen	2160	5
faulty	2161	16
forget	2162	7
filtering	2163	10
dragging	2164	31
neighbour	2165	5
near	2166	5
ccw	2167	2
synchronize	2168	3
notifications	2169	9
plaintext	2170	4
relative	2171	59
revert	2172	19
damage	2173	5
reported	2174	3
reparent	2175	3
squared	2176	14
weakly	2177	1
checker	2178	14
tokens	2179	14
testwhen	2180	1
occurrence	2181	4
void	2182	5
cog	2183	7
vm	2184	20
cases	2185	12
robowo	2186	2
copied	2187	21
predicate	2188	13
tex	2189	4
param	2190	5
incomplete	2191	9
centering	2192	6
water	2193	12
retrieving	2194	3
recycler	2195	7
icons	2196	29
transient	2197	2
ftp	2198	10
special	2199	45
among	2200	5
pqg	2201	1
basis	2202	65
there	2203	16
sba	2204	4
february	2205	1
visual	2206	13
rulers	2207	6
resets	2208	4
parsed	2209	7
had	2210	5
merging	2211	7
capitalize	2212	7
english	2213	11
preprocessor	2214	3
ifdef	2215	1
calling	2216	3
indentation	2217	12
fuel	2218	23
postload	2219	5
numbers	2220	30
cosh	2221	6
mutex	2222	3
slice	2223	22
cardinalityin	2224	1
random	2225	57
makes	2226	6
rgb	2227	6
streaming	2228	12
insets	2229	9
insterest	2230	1
correction	2231	17
confluence	2232	2
midpoint	2233	2
stencil	2234	27
its	2235	16
extremities	2236	2
bib	2237	4
transition	2238	6
improvement	2239	2
iterations	2240	24
rainy	2241	1
ashville	2242	1
insetting	2243	3
smaller	2244	18
produce	2245	6
moved	2246	18
queries	2247	12
iran	2248	1
rendered	2249	4
framebuffer	2250	10
program	2251	13
sqrt	2252	27
dashes	2253	16
visu	2254	22
commitish	2255	24
remaining	2256	11
combining	2257	2
trigonometric	2258	2
serie	2259	6
idiom	2260	2
tested	2261	49
iteration	2262	14
explorer	2263	8
combination	2264	20
elementwise	2265	8
backtracking	2266	1
dominance	2267	13
volume	2268	5
adapters	2269	4
petit	2270	10
jump	2271	51
initializers	2272	12
macros	2273	6
sound	2274	45
combinations	2275	6
dump	2276	20
unnecessary	2277	2
words	2278	28
pager	2279	9
behalf	2280	1
ilegal	2281	1
still	2282	9
repaint	2283	2
letter	2284	24
ortho	2285	8
mutate	2286	8
invocations	2287	28
loadable	2288	11
assigned	2289	5
widths	2290	6
today	2291	6
quick	2292	8
docking	2293	17
allowance	2294	4
iconic	2295	2
halos	2296	14
foreground	2297	6
blt	2298	4
inflexible	2299	3
gamma	2300	12
keep	2301	33
presentations	2302	2
pointers	2303	9
scanline	2304	1
zn	2305	6
opening	2306	29
delimiters	2307	9
inspect	2308	33
acts	2309	6
mirror	2310	2
kurtosis	2311	10
substitute	2312	8
itself	2313	9
repackaged	2314	6
sheet	2315	8
call	2316	46
parsing	2317	24
preferred	2318	14
record	2319	24
fabled	2320	1
sunset	2321	2
permutations	2322	2
modifies	2323	4
orders	2324	3
geometry	2325	41
lr	2326	5
act	2327	47
dropping	2328	14
reorganized	2329	2
nodelist	2330	4
exclamation	2331	2
drawable	2332	52
struck	2333	6
frozen	2334	3
manifest	2335	9
sample	2336	72
treat	2337	4
requiring	2338	1
deliver	2339	7
deny	2340	16
tracking	2341	3
kyrgyzstan	2342	1
labelled	2343	24
critical	2344	22
locale	2345	12
quotient	2346	10
sensitive	2347	26
entire	2348	13
affect	2349	22
accesses	2350	20
misses	2351	1
constructor	2352	46
directories	2353	7
styling	2354	11
fallback	2355	12
fgetc	2356	2
monticello	2357	18
codeblock	2358	27
once	2359	23
grid	2360	43
suitable	2361	9
targets	2362	22
summary	2363	25
hierarchical	2364	10
camera	2365	14
diameter	2366	9
variance	2367	19
hierachy	2368	1
scoped	2369	10
eigenvalue	2370	2
star	2371	17
greens	2372	1
keymaps	2373	4
printer	2374	4
ignored	2375	12
maven	2376	4
evaluation	2377	18
peer	2378	5
ssl	2379	8
escaped	2380	29
conversion	2381	16
weeks	2382	3
leaves	2383	26
capitalized	2384	10
unfocused	2385	4
compiling	2386	1
thin	2387	3
gray	2388	12
transmission	2389	14
collisions	2390	6
negated	2391	27
bucket	2392	7
desactivation	2393	1
selectedtems	2394	2
de	2395	6
villiers	2396	1
glasser	2397	1
improper	2398	1
constructors	2399	2
totree	2400	1
twice	2401	31
clustering	2402	6
renaming	2403	6
optimize	2404	7
incremental	2405	6
quantum	2406	7
loop	2407	42
smallest	2408	2
minutes	2409	14
crossover	2410	3
infer	2411	6
multivalued	2412	5
updating	2413	10
mondrian	2414	10
ten	2415	3
overview	2416	3
pyramid	2417	1
final	2418	14
css	2419	22
feenk	2420	3
trailing	2421	19
morphs	2422	44
increased	2423	3
inter	2424	4
ranks	2425	4
consolidate	2426	1
legacy	2427	3
zip	2428	4
archive	2429	3
sea	2430	3
subtle	2431	1
mail	2432	14
possibilities	2433	1
upstream	2434	13
usable	2435	2
groupbox	2436	9
macro	2437	5
citation	2438	6
paragraphs	2439	3
yesterday	2440	3
accounted	2441	5
payload	2442	11
strokes	2443	11
chunks	2444	2
longer	2445	1
strip	2446	4
degree	2447	14
classified	2448	17
south	2449	5
america	2450	4
unset	2451	9
wm	2452	2
measurer	2453	11
years	2454	5
kw	2455	5
annotated	2456	29
flash	2457	6
denormalized	2458	2
hapaxes	2459	2
grab	2460	15
screen	2461	29
disk	2462	8
john	2463	2
doe	2464	6
fulfilled	2465	4
filepath	2466	1
expecte	2467	2
initialization	2468	22
modifiers	2469	7
maximized	2470	8
destroyed	2471	2
transfer	2472	22
kind	2473	26
subtree	2474	6
circular	2475	6
wrapped	2476	27
retrieves	2477	23
decomposition	2478	6
propagate	2479	17
newer	2480	5
charge	2481	6
bevel	2482	4
separately	2483	2
terminfo	2484	5
yes	2485	8
straight	2486	6
classify	2487	9
information	2488	11
upload	2489	7
startpc	2490	2
contacts	2491	10
fixing	2492	1
assertions	2493	5
sibling	2494	7
dominant	2495	3
unscaled	2496	1
overridden	2497	12
enforced	2498	4
snapshots	2499	2
jobs	2500	2
colon	2501	9
nothing	2502	10
rest	2503	3
linkage	2504	6
images	2505	10
repeated	2506	4
power	2507	16
expansion	2508	8
unconditional	2509	4
accumulated	2510	4
unresolved	2511	11
unselected	2512	26
descent	2513	18
ph	2514	1
prior	2515	16
bookmarked	2516	3
requires	2517	15
gofers	2518	1
preprocess	2519	4
manual	2520	6
materialize	2521	44
joy	2522	6
resized	2523	12
templates	2524	3
writing	2525	26
writes	2526	8
quit	2527	13
ticker	2528	5
delays	2529	3
heap	2530	5
playbook	2531	4
colored	2532	12
ab	2533	2
equations	2534	5
timeline	2535	3
lazy	2536	22
slope	2537	3
tension	2538	7
evaluating	2539	16
editors	2540	7
backspace	2541	5
submorph	2542	20
mimetypes	2543	1
permanently	2544	2
compress	2545	6
conditionals	2546	4
permutation	2547	5
completions	2548	3
epicea	2549	19
scheduling	2550	5
higher	2551	5
served	2552	1
tour	2553	2
enablement	2554	2
semaphore	2555	13
contet	2556	1
prototype	2557	2
compatible	2558	11
sidebar	2559	1
dead	2560	15
cse	2561	2
testbrowse	2562	2
integers	2563	7
invisibly	2564	6
notation	2565	2
completely	2566	5
news	2567	2
auth	2568	11
drill	2569	6
exactness	2570	1
free	2571	13
submit	2572	8
which	2573	67
unsorted	2574	4
continue	2575	15
policy	2576	18
anchors	2577	7
playing	2578	1
unabled	2579	2
forbid	2580	4
pluggable	2581	10
drawing	2582	17
midnight	2583	5
distribution	2584	37
cyclomatic	2585	5
uint	2586	9
doit	2587	4
directive	2588	9
removes	2589	16
serif	2590	2
rewritten	2591	1
splits	2592	2
tick	2593	30
resignal	2594	3
shaped	2595	1
clipping	2596	24
modes	2597	3
callbacks	2598	5
gmail	2599	1
submenus	2600	1
glyphs	2601	8
flags	2602	21
compact	2603	18
bigger	2604	8
again	2605	6
issues	2606	11
smoothing	2607	8
freetype	2608	6
simulation	2609	4
expire	2610	4
eval	2611	8
cycles	2612	19
singular	2613	8
menubar	2614	11
persistence	2615	10
choosen	2616	1
utility	2617	10
deferrer	2618	2
very	2619	31
radix	2620	13
cascaded	2621	5
substitution	2622	5
generated	2623	16
projecs	2624	1
emulate	2625	4
adorn	2626	4
allocated	2627	1
ellipse	2628	13
conspicuous	2629	1
imported	2630	3
galery	2631	1
unsplash	2632	7
offline	2633	3
filled	2634	7
translator	2635	6
warp	2636	4
appearance	2637	4
ring	2638	4
chart	2639	16
complete	2640	35
problems	2641	4
sv	2642	4
poster	2643	1
german	2644	2
dos	2645	7
epoch	2646	6
combined	2647	4
gather	2648	5
quadrant	2649	2
leap	2650	7
brakets	2651	1
optimal	2652	4
enums	2653	4
tomorrow	2654	2
various	2655	1
temps	2656	33
unauthorized	2657	2
postscript	2658	7
monotone	2659	4
neighbours	2660	4
alphabet	2661	4
similar	2662	44
scalar	2663	28
editable	2664	22
cmd	2665	22
succeds	2666	7
spline	2667	8
win	2668	9
adds	2669	13
treesholds	2670	2
got	2671	5
forcus	2672	1
watchpoints	2673	1
atrribute	2674	2
qa	2675	2
minus	2676	17
linux	2677	2
solovine	2678	6
alt	2679	18
doits	2680	2
records	2681	6
immediate	2682	10
blocks	2683	26
sha	2684	7
rotated	2685	8
milli	2686	7
africa	2687	2
rehash	2688	11
preserves	2689	8
killed	2690	1
currently	2691	7
workflow	2692	6
repo	2693	12
reflective	2694	4
addressee	2695	2
across	2696	5
encodings	2697	2
perplexity	2698	2
auxiliary	2699	1
strength	2700	3
outputs	2701	1
paste	2702	12
undeclared	2703	9
stringify	2704	3
pending	2705	18
observer	2706	3
radii	2707	3
il	2708	5
categorical	2709	2
frequencies	2710	2
deviation	2711	9
malibu	2712	1
beach	2713	1
brick	2714	5
picked	2715	3
deactivated	2716	14
bearing	2717	5
failing	2718	11
leave	2719	47
reached	2720	5
overshot	2721	4
square	2722	28
analyze	2723	5
cross	2724	11
tabulate	2725	6
signaling	2726	8
separation	2727	2
constants	2728	11
sp	2729	10
failures	2730	21
job	2731	12
ended	2732	2
authorization	2733	5
cascades	2734	1
seed	2735	12
readonly	2736	4
modulus	2737	2
calendar	2738	1
quoting	2739	2
reordering	2740	3
removals	2741	6
browsed	2742	7
overriding	2743	5
numerate	2744	1
complement	2745	5
switching	2746	1
defer	2747	20
idents	2748	1
indicator	2749	10
stage	2750	7
watchpoint	2751	8
detailed	2752	2
assertion	2753	6
ya	2754	1
xis	2755	1
underline	2756	39
blink	2757	4
paren	2758	3
interacted	2759	8
recompose	2760	2
typed	2761	8
structures	2762	4
subpresenter	2763	2
proto	2764	1
highlights	2765	7
never	2766	8
increments	2767	4
wile	2768	1
coyote	2769	1
recipient	2770	6
tries	2771	1
wrongly	2772	1
tail	2773	23
testcurrent	2774	2
countries	2775	15
j	2776	19
patterns	2777	6
rects	2778	8
needs	2779	20
parenthesis	2780	8
magnitude	2781	4
caches	2782	7
redundant	2783	13
manage	2784	9
terminal	2785	6
assigning	2786	1
tagged	2787	12
proportionally	2788	1
damaged	2789	1
hour	2790	30
factorial	2791	3
preserved	2792	3
past	2793	6
safe	2794	14
dropped	2795	21
catalog	2796	2
analyzer	2797	4
namespaces	2798	29
cons	2799	9
moldova	2800	1
broken	2801	5
indices	2802	25
www	2803	2
authenticate	2804	6
magnify	2805	2
repair	2806	4
people	2807	4
unhcr	2808	1
launcher	2809	2
materializing	2810	3
outermost	2811	4
exceptional	2812	1
transitive	2813	6
urlencoded	2814	2
dispatcher	2815	18
indexed	2816	10
requirements	2817	33
customized	2818	5
instructions	2819	13
unlock	2820	12
refactorings	2821	1
scripting	2822	9
pdf	2823	8
dummies	2824	2
atput	2825	3
exclude	2826	5
urls	2827	17
warn	2828	8
plugged	2829	3
hsva	2830	4
foreign	2831	3
widest	2832	4
chile	2833	1
aa	2834	6
sizes	2835	8
titles	2836	3
coercion	2837	4
vertex	2838	13
opener	2839	3
analyzed	2840	7
calculated	2841	2
originator	2842	1
onside	2843	7
arrowheads	2844	8
cnf	2845	1
comma	2846	11
scalable	2847	6
stuff	2848	1
rgba	2849	5
masks	2850	1
costa	2851	1
rica	2852	1
invert	2853	12
subdirectory	2854	20
borders	2855	5
dont	2856	12
consider	2857	5
building	2858	7
indendtation	2859	1
extracts	2860	13
exactly	2861	6
contour	2862	11
curves	2863	7
dy	2864	1
subquery	2865	9
trat	2866	1
sigma	2867	3
descriptor	2868	3
lattice	2869	3
overwritable	2870	2
shuffle	2871	2
dir	2872	3
scheduler	2873	13
composed	2874	16
plus	2875	22
describe	2876	4
atop	2877	2
cutoff	2878	5
quantile	2879	4
growable	2880	2
limited	2881	7
rewrite	2882	14
conjugated	2883	4
evaluator	2884	10
subscopes	2885	10
forced	2886	2
untested	2887	4
construction	2888	3
twenty	2889	1
clipped	2890	4
triangle	2891	12
unhealthy	2892	2
unwind	2893	8
restart	2894	18
track	2895	14
plot	2896	6
xy	2897	5
ranges	2898	11
computation	2899	11
resetting	2900	4
parens	2901	6
temporaries	2902	14
authors	2903	3
since	2904	8
smoke	2905	3
pannable	2906	6
falsehood	2907	2
asin	2908	1
formats	2909	4
strcpy	2910	4
submenu	2911	3
supported	2912	16
euler	2913	3
comparing	2914	6
hexagon	2915	2
relation	2916	21
scratch	2917	2
params	2918	3
provide	2919	3
reciprocal	2920	18
iceberg	2921	17
choice	2922	26
el	2923	3
salvador	2924	1
verbose	2925	2
targetting	2926	3
coordinates	2927	3
leaf	2928	28
yaml	2929	17
chomping	2930	1
lowest	2931	5
extracted	2932	7
installer	2933	9
extensible	2934	2
solve	2935	3
discord	2936	2
french	2937	2
guyana	2938	1
radial	2939	16
resizer	2940	24
encompass	2941	4
chooser	2942	8
database	2943	15
hands	2944	5
viewed	2945	3
operations	2946	12
pressure	2947	4
randomize	2948	4
termination	2949	9
precise	2950	7
arch	2951	2
synthesize	2952	4
checks	2953	9
specialization	2954	4
cond	2955	2
publication	2956	1
duplicates	2957	10
heights	2958	2
simulated	2959	4
smtp	2960	10
parentheses	2961	20
backwards	2962	8
configured	2963	6
filterable	2964	1
synapses	2965	5
strokethrough	2966	1
focusables	2967	3
transpose	2968	8
rub	2969	12
sankey	2970	2
delimited	2971	2
dotted	2972	6
critique	2973	17
suspend	2974	19
hacks	2975	3
browsing	2976	1
acceptance	2977	3
computer	2978	4
introducing	2979	2
logger	2980	7
being	2981	3
waited	2982	2
sources	2983	20
fixup	2984	10
sel	2985	1
intersects	2986	7
enhanced	2987	2
inspectors	2988	2
solomon	2989	1
islands	2990	2
collected	2991	10
linked	2992	1
adornments	2993	3
prev	2994	46
mult	2995	4
seven	2996	6
sixth	2997	2
resizing	2998	16
documentation	2999	5
signalled	3000	3
downloaded	3001	1
dnd	3002	1
syria	3003	1
libya	3004	1
diamond	3005	4
rationale	3006	3
postamble	3007	2
protection	3008	7
associations	3009	36
raised	3010	28
cyclo	3011	3
doesnt	3012	3
leak	3013	2
shut	3014	24
homogeneous	3015	12
listing	3016	3
refereces	3017	1
moment	3018	2
shx	3019	4
covering	3020	5
finds	3021	5
restricted	3022	7
overwrite	3023	6
languages	3024	3
yield	3025	3
atomic	3026	6
px	3027	11
invoke	3028	7
serializable	3029	2
together	3030	1
butt	3031	5
pinch	3032	3
termcap	3033	1
provided	3034	6
determinant	3035	7
assured	3036	3
constraint	3037	6
clickable	3038	9
breaking	3039	2
demeter	3040	1
law	3041	1
secure	3042	10
division	3043	4
ask	3044	14
just	3045	12
rewriten	3046	2
young	3047	3
levels	3048	12
authorities	3049	2
halt	3050	18
steady	3051	2
propperties	3052	2
work	3053	2
subcollection	3054	14
way	3055	5
beep	3056	6
shorter	3057	5
patcher	3058	8
through	3059	12
decompose	3060	2
guard	3061	2
clause	3062	2
emitting	3063	1
caching	3064	4
replacted	3065	1
native	3066	8
topic	3067	4
orrd	3068	1
cleardependencies	3069	1
dates	3070	9
reds	3071	1
outline	3072	8
tasks	3073	11
jane	3074	3
benin	3075	1
lip	3076	2
pick	3077	8
ancestor	3078	34
starts	3079	9
deselected	3080	5
cyan	3081	7
myself	3082	2
csi	3083	2
belarus	3084	1
blueprint	3085	6
datetime	3086	8
horizontally	3087	14
nano	3088	22
strike	3089	4
driver	3090	13
expect	3091	4
durations	3092	4
startup	3093	18
nargs	3094	1
accessibility	3095	4
unused	3096	13
octet	3097	4
changing	3098	6
orthonormal	3099	4
father	3100	4
authentication	3101	9
offscreen	3102	3
skin	3103	4
exisiting	3104	1
monitoring	3105	6
nice	3106	3
ascent	3107	20
doc	3108	7
m	3109	33
mtd	3110	18
seriation	3111	1
engine	3112	3
disappeared	3113	7
architectural	3114	1
decrease	3115	2
introduction	3116	2
organizer	3117	11
tables	3118	4
norm	3119	7
matcher	3120	6
km	3121	4
chain	3122	16
fourth	3123	6
quartile	3124	14
populate	3125	6
fall	3126	4
testhighlight	3127	1
permute	3128	3
quality	3129	8
progressive	3130	3
activating	3131	3
whats	3132	1
opacity	3133	14
png	3134	39
bin	3135	5
persisted	3136	1
stencils	3137	1
meow	3138	1
rtl	3139	2
adhering	3140	3
discovered	3141	6
maybe	3142	7
recorder	3143	8
idempotent	3144	4
perm	3145	1
flywheel	3146	2
activity	3147	6
adjusted	3148	3
subcheckmenus	3149	1
compatibility	3150	4
accepts	3151	17
epsilon	3152	14
branching	3153	3
escaping	3154	9
pwd	3155	3
segments	3156	15
invisible	3157	11
originate	3158	3
latitude	3159	2
implementing	3160	7
eof	3161	3
iterator	3162	19
sd	3163	2
haba	3164	6
ramp	3165	6
libgit	3166	4
buffered	3167	4
alternate	3168	7
filters	3169	20
archives	3170	1
rotations	3171	2
potentially	3172	3
preprocessed	3173	6
painter	3174	4
reflect	3175	4
topmost	3176	3
migrate	3177	7
uparrow	3178	1
radar	3179	3
trees	3180	7
floats	3181	5
hold	3182	5
recorded	3183	1
la	3184	3
te	3185	3
avatar	3186	7
glamour	3187	1
rearrange	3188	4
writting	3189	1
qatar	3190	1
roped	3191	5
intent	3192	1
alert	3193	9
coders	3194	15
simply	3195	4
preprocessing	3196	2
absorb	3197	4
conditional	3198	5
jumps	3199	3
forth	3200	2
stderr	3201	3
grabbed	3202	7
sure	3203	21
consumed	3204	5
chi	3205	7
confidence	3206	9
begining	3207	12
prompt	3208	7
optional	3209	13
ninth	3210	3
percentage	3211	9
generalization	3212	10
assure	3213	6
compose	3214	12
deselection	3215	9
exclusive	3216	3
implementor	3217	5
hours	3218	9
roman	3219	2
packaged	3220	1
subcommand	3221	3
highlighter	3222	10
mammals	3223	2
liberia	3224	1
fading	3225	4
severalterations	3226	2
piece	3227	6
payloads	3228	3
ascending	3229	12
cx	3230	1
stroked	3231	9
bleeding	3232	9
vo	3233	5
misc	3234	2
indeterminated	3235	1
goto	3236	3
qouted	3237	2
account	3238	6
pow	3239	2
populating	3240	1
member	3241	9
pictures	3242	10
darken	3243	2
handling	3244	6
zones	3245	1
niger	3246	1
doctype	3247	9
unexpected	3248	8
mean	3249	7
w	3250	13
ldap	3251	1
decompress	3252	3
struct	3253	9
bdf	3254	2
stick	3255	7
conflictless	3256	1
rooted	3257	1
unchecked	3258	2
converges	3259	2
recursively	3260	12
highlighting	3261	14
started	3262	6
dup	3263	11
adjustment	3264	1
released	3265	12
boundaries	3266	1
managers	3267	7
unpin	3268	2
closest	3269	12
uuid	3270	10
div	3271	10
rs	3272	6
insensitive	3273	8
orange	3274	7
accumulator	3275	3
fold	3276	5
preload	3277	6
readable	3278	7
semaphores	3279	1
backward	3280	10
disappearance	3281	2
redirect	3282	18
sentence	3283	1
vile	3284	1
finalizer	3285	1
thumbs	3286	2
runtime	3287	2
testperform	3288	1
sugiyama	3289	3
dangerous	3290	1
everywhere	3291	1
delegation	3292	5
instantiate	3293	7
regardless	3294	1
subjects	3295	9
interfaces	3296	2
encloses	3297	5
locked	3298	13
brace	3299	7
dst	3300	10
historize	3301	1
falkland	3302	1
malvinas	3303	1
virtual	3304	9
sdl	3305	7
millenary	3306	1
frequency	3307	13
commander	3308	4
badge	3309	12
graphical	3310	4
easy	3311	4
holders	3312	11
me	3313	6
tracks	3314	4
currency	3315	6
quantifier	3316	2
observed	3317	3
unpack	3318	5
arrays	3319	7
getters	3320	1
emin	3321	1
importance	3322	2
presentation	3323	16
jqueryqtipmin	3324	2
tiger	3325	5
island	3326	11
cookie	3327	31
jar	3328	3
kept	3329	3
stipple	3330	1
dr	3331	15
gabon	3332	1
indicate	3333	6
constraits	3334	3
expectation	3335	1
bezierline	3336	1
semicolon	3337	5
community	3338	1
lint	3339	7
clauses	3340	1
reentrant	3341	3
closures	3342	1
formal	3343	6
marks	3344	3
wiki	3345	5
lots	3346	2
attribution	3347	3
timed	3348	2
processing	3349	8
bound	3350	14
site	3351	4
rejects	3352	5
verify	3353	13
light	3354	21
prefererences	3355	1
disappearing	3356	2
placeholder	3357	8
emptied	3358	1
burn	3359	2
registers	3360	4
monotonicity	3361	2
dense	3362	8
increase	3363	6
momentum	3364	3
central	3365	4
african	3366	3
calypso	3367	28
translations	3368	2
menus	3369	2
want	3370	1
unspecified	3371	12
leftmost	3372	1
persistent	3373	5
every	3374	15
retry	3375	13
docs	3376	3
realm	3377	5
zeros	3378	3
remotes	3379	12
composer	3380	3
exampleexample	3381	1
consistency	3382	2
tap	3383	3
exporter	3384	3
clamp	3385	3
publish	3386	7
lay	3387	1
density	3388	6
dpi	3389	3
containers	3390	15
valued	3391	4
neaby	3392	1
passengers	3393	3
droppable	3394	1
precondition	3395	8
requester	3396	4
notification	3397	13
coworkers	3398	2
even	3399	13
banned	3400	2
partials	3401	5
gtd	3402	1
rotating	3403	5
storing	3404	2
passivate	3405	3
strikethrough	3406	28
sounds	3407	3
elapsed	3408	2
containment	3409	3
unplug	3410	9
vs	3411	1
backend	3412	10
extending	3413	9
relevant	3414	4
legs	3415	1
service	3416	28
folders	3417	4
works	3418	5
lorem	3419	5
ipsum	3420	5
suppressing	3421	2
brunei	3422	1
darussalam	3423	1
hot	3424	4
bitmap	3425	15
done	3426	22
hook	3427	4
excursion	3428	2
interpolation	3429	7
neville	3430	2
hd	3431	3
alike	3432	2
bogus	3433	3
userinfo	3434	2
plug	3435	2
scissors	3436	1
desactivate	3437	2
polygons	3438	5
ahead	3439	4
zone	3440	10
equivalence	3441	1
walkbacks	3442	3
cuba	3443	1
pvt	3444	2
how	3445	2
primitives	3446	6
infos	3447	5
nudge	3448	1
supplementary	3449	1
multilingual	3450	1
plane	3451	1
refactory	3452	1
snippets	3453	11
half	3454	12
availability	3455	1
duplicated	3456	5
bidirectional	3457	6
fast	3458	23
framing	3459	1
generation	3460	13
leg	3461	1
upon	3462	4
deactivation	3463	2
labeless	3464	2
polyline	3465	2
rdgy	3466	1
similarity	3467	1
q	3468	6
compared	3469	1
inequality	3470	2
attrib	3471	4
stride	3472	6
forest	3473	8
basepath	3474	2
grad	3475	2
perimeter	3476	3
overriden	3477	12
formatting	3478	2
builds	3479	2
fifty	3480	2
echo	3481	2
glueing	3482	4
finland	3483	1
validations	3484	2
shortname	3485	3
spock	3486	1
dangling	3487	3
trials	3488	2
aliased	3489	1
allocate	3490	5
bool	3491	1
arrowed	3492	8
explanations	3493	1
inserted	3494	6
alar	3495	2
penultimate	3496	2
semi	3497	7
stringy	3498	1
embedd	3499	3
bacground	3500	1
skipped	3501	3
specified	3502	5
overshoots	3503	2
propagation	3504	6
appeared	3505	4
chromosome	3506	1
stickiness	3507	2
clicks	3508	4
cased	3509	2
rounding	3510	6
subclassing	3511	1
mismatching	3512	6
refer	3513	4
intern	3514	2
collections	3515	7
interim	3516	1
sized	3517	7
breakable	3518	2
identifiers	3519	8
wrong	3520	21
creating	3521	5
mapper	3522	4
satisfies	3523	4
rollover	3524	2
oriented	3525	2
skewness	3526	11
video	3527	1
replacer	3528	1
enough	3529	4
uncategorized	3530	1
shouldnt	3531	8
cells	3532	16
piyg	3533	1
nocheck	3534	3
rloss	3535	2
third	3536	12
defects	3537	3
speed	3538	3
abstraction	3539	2
iterate	3540	2
sequenced	3541	1
unfiltered	3542	3
pet	3543	3
imports	3544	6
decalage	3545	1
dimensional	3546	3
streams	3547	3
unembedding	3548	1
plotter	3549	3
own	3550	10
rmask	3551	3
teachers	3552	1
nonexistant	3553	2
executes	3554	5
publications	3555	2
scrollbars	3556	4
injection	3557	1
viewable	3558	1
cardinality	3559	6
adhere	3560	6
spotlight	3561	1
subgroup	3562	2
gone	3563	4
instantiation	3564	1
registry	3565	23
footnote	3566	12
mmddyyyy	3567	2
flex	3568	8
friction	3569	3
continuous	3570	4
fn	3571	10
tcp	3572	5
propagated	3573	6
web	3574	5
app	3575	2
ampersand	3576	1
dragon	3577	2
hoards	3578	1
treasures	3579	1
north	3580	2
korea	3581	2
producer	3582	4
larger	3583	5
observable	3584	4
probability	3585	7
flattened	3586	2
closeable	3587	5
traversed	3588	4
prefer	3589	6
inference	3590	1
possibly	3591	2
uncommon	3592	2
belgium	3593	1
depths	3594	1
com	3595	6
breaks	3596	11
nn	3597	4
lanczos	3598	1
formula	3599	1
scrollable	3600	4
modifications	3601	8
zeroes	3602	2
reconfigure	3603	1
examplesunburst	3604	1
src	3605	10
unrecognized	3606	1
del	3607	2
requirement	3608	5
telephone	3609	4
traditional	3610	2
panes	3611	5
fanout	3612	4
concrete	3613	14
evaluable	3614	2
speaker	3615	4
commandline	3616	1
observers	3617	4
wheel	3618	13
signalling	3619	2
hard	3620	3
dashed	3621	4
bootstrap	3622	9
outskirts	3623	4
md	3624	1
numerics	3625	2
precode	3626	2
mod	3627	8
goes	3628	5
dectivates	3629	3
algorithm	3630	3
jsreference	3631	2
passphrase	3632	2
article	3633	3
ensured	3634	4
normalization	3635	4
game	3636	5
doubling	3637	1
uffi	3638	2
phases	3639	4
separating	3640	2
meridian	3641	5
abbreviation	3642	9
would	3643	5
except	3644	7
typing	3645	2
charset	3646	8
bangs	3647	2
backslash	3648	2
millisecond	3649	2
network	3650	10
chop	3651	2
treemap	3652	1
neighbors	3653	3
complicated	3654	1
triplet	3655	1
dims	3656	6
dimmed	3657	2
titled	3658	4
signaled	3659	6
cant	3660	2
transformer	3661	5
grouped	3662	12
meg	3663	1
allocation	3664	1
testall	3665	5
jsonp	3666	3
progression	3667	3
their	3668	4
owners	3669	3
hightlight	3670	1
logical	3671	6
triggers	3672	2
unregistered	3673	6
heavy	3674	1
rain	3675	1
valuable	3676	6
datasets	3677	5
blur	3678	5
childs	3679	2
cheese	3680	3
evaluated	3681	12
pm	3682	3
chomped	3683	3
modules	3684	5
refs	3685	5
einstein	3686	6
recipients	3687	2
proportional	3688	4
resolution	3689	12
stemmer	3690	1
blinking	3691	8
amazon	3692	1
aws	3693	1
anonymous	3694	9
heptagon	3695	3
dendrogram	3696	3
ar	3697	7
uninstall	3698	17
testfind	3699	1
decorating	3700	1
focusable	3701	4
unlogged	3702	1
ing	3703	2
insertion	3704	2
placement	3705	4
loading	3706	6
extractions	3707	1
iraq	3708	1
cypress	3709	4
shaded	3710	2
structural	3711	5
adornment	3712	6
kd	3713	2
extreme	3714	3
unmanaged	3715	1
shell	3716	2
mustache	3717	14
emphaised	3718	1
depends	3719	2
mutator	3720	3
redrawed	3721	1
shout	3722	17
documenter	3723	5
overlay	3724	4
ip	3725	4
bunch	3726	3
cohesion	3727	4
yamln	3728	2
txt	3729	1
lesson	3730	5
descripton	3731	1
replacing	3732	8
substituted	3733	2
bypass	3734	3
see	3735	2
mine	3736	2
comparable	3737	2
correctly	3738	6
sutbs	3739	1
exporting	3740	1
isolated	3741	1
behavioural	3742	4
postponing	3743	1
tasker	3744	3
neutral	3745	2
premultiply	3746	1
memento	3747	3
determinating	3748	2
dual	3749	3
stylers	3750	2
mismatch	3751	11
abort	3752	9
unescaped	3753	3
oblique	3754	4
hover	3755	6
verctor	3756	1
sugs	3757	1
adjascent	3758	2
expires	3759	3
cyclic	3760	4
okay	3761	7
easily	3762	3
blanks	3763	3
comportement	3764	3
dictionnary	3765	1
mutable	3766	4
forever	3767	2
expiry	3768	6
subpixel	3769	7
bgr	3770	1
containingit	3771	2
sweet	3772	1
authenticator	3773	3
cpp	3774	2
registered	3775	13
analogous	3776	2
suffixes	3777	1
minimized	3778	4
december	3779	1
enabling	3780	1
elipse	3781	1
apart	3782	2
been	3783	11
recycled	3784	3
recyclable	3785	5
preferable	3786	6
metalevel	3787	2
sendfile	3788	2
locate	3789	2
montgomery	3790	4
modulo	3791	5
consumption	3792	2
delegations	3793	2
offsets	3794	8
registering	3795	2
noname	3796	1
feed	3797	5
contribute	3798	3
pipeline	3799	3
unit	3800	17
invokation	3801	2
initializer	3802	10
lost	3803	8
unable	3804	1
incorrect	3805	3
simplex	3806	1
optimization	3807	2
bordered	3808	1
serializer	3809	4
cubic	3810	8
uninterruptably	3811	1
poly	3812	3
ine	3813	1
intro	3814	2
testprint	3815	3
users	3816	16
bullets	3817	1
abc	3818	2
transitions	3819	2
uruguay	3820	1
counts	3821	6
coefficients	3822	9
alter	3823	1
erase	3824	4
undclared	3825	1
accessible	3826	6
integrate	3827	1
contributions	3828	1
styles	3829	10
puff	3830	1
hdc	3831	2
reverts	3832	3
tanh	3833	10
hidded	3834	1
aspect	3835	12
specify	3836	2
functions	3837	7
na	3838	6
xdoc	3839	2
chunked	3840	2
loops	3841	7
converged	3842	3
unwanted	3843	5
resizeable	3844	6
whitsepace	3845	1
prolog	3846	1
postfix	3847	5
resumption	3848	5
uzbekistan	3849	1
sybol	3850	1
inspected	3851	1
unselects	3852	2
cb	3853	3
suceed	3854	1
earth	3855	3
nexted	3856	1
contributors	3857	1
exec	3858	4
parameterizable	3859	4
headless	3860	1
transmissions	3861	1
deletes	3862	1
cs	3863	3
enders	3864	2
miter	3865	7
preceding	3866	1
undelegate	3867	2
showing	3868	13
rdpu	3869	1
grapher	3870	3
specifications	3871	4
validating	3872	1
dust	3873	1
doubled	3874	1
blocking	3875	7
goo	3876	2
instability	3877	3
fling	3878	7
fetching	3879	5
coloured	3880	1
reviver	3881	1
nobody	3882	2
predecessor	3883	3
recurse	3884	8
buffers	3885	3
reserved	3886	1
bhutan	3887	1
audio	3888	2
india	3889	1
oldest	3890	4
recolor	3891	2
folded	3892	8
motion	3893	1
tight	3894	6
navigate	3895	4
catching	3896	4
pets	3897	2
inherite	3898	2
revealed	3899	3
poland	3900	1
bmask	3901	2
takes	3902	3
linefeed	3903	1
intialize	3904	1
colombia	3905	1
intercept	3906	2
qualitative	3907	6
expressions	3908	6
terms	3909	6
ymdhm	3910	2
tensor	3911	2
equidistant	3912	2
scrollers	3913	1
disco	3914	1
lcom	3915	3
supplying	3916	3
installing	3917	3
renders	3918	1
rubric	3919	3
stem	3920	9
returned	3921	4
val	3922	3
might	3923	3
ungrab	3924	1
endwith	3925	1
glm	3926	3
kilo	3927	1
enforce	3928	4
sol	3929	1
triple	3930	4
quot	3931	2
acceptable	3932	4
bug	3933	6
attachment	3934	5
caller	3935	3
batch	3936	4
pseudo	3937	3
rewrites	3938	5
weak	3939	9
crawler	3940	4
runnable	3941	1
our	3942	4
tile	3943	3
precedence	3944	6
wl	3945	2
poll	3946	3
lowercasing	3947	1
foldername	3948	2
lbl	3949	1
indeterminate	3950	2
backup	3951	2
plural	3952	6
rubber	3953	5
band	3954	6
lengths	3955	7
unchanged	3956	3
importer	3957	9
searches	3958	2
svalbard	3959	1
jan	3960	1
mayen	3961	1
sinc	3962	2
cards	3963	1
exclusion	3964	6
flipped	3965	3
thorough	3966	5
truncates	3967	2
detected	3968	4
reduced	3969	3
represents	3970	12
workspace	3971	6
graphically	3972	2
represented	3973	2
sfile	3974	2
dbl	3975	1
java	3976	8
preloads	3977	1
stopwords	3978	2
login	3979	7
hideable	3980	3
respond	3981	5
interact	3982	1
inventory	3983	2
senegal	3984	1
poker	3985	2
unhibernate	3986	2
shrink	3987	6
sym	3988	2
applications	3989	2
doubles	3990	4
minimal	3991	8
accesor	3992	3
newton	3993	4
severity	3994	3
recreate	3995	2
maps	3996	1
unlocked	3997	2
octal	3998	1
egypt	3999	1
deck	4000	1
shares	4001	2
whole	4002	6
nanoseconds	4003	2
fibonacci	4004	5
remnants	4005	1
became	4006	1
elimination	4007	2
commutative	4008	1
underlined	4009	4
viz	4010	4
rejected	4011	8
reconstruction	4012	1
assignments	4013	3
splitters	4014	3
testtitle	4015	2
markers	4016	6
mutual	4017	2
hadamard	4018	3
approved	4019	1
grey	4020	4
ext	4021	2
abbreviated	4022	3
initials	4023	3
instvar	4024	2
ephemeron	4025	4
filesystem	4026	1
redefined	4027	4
unexisting	4028	1
bump	4029	4
alls	4030	1
detector	4031	2
arrange	4032	2
uniform	4033	4
tiled	4034	1
partition	4035	2
fuzzy	4036	3
coercing	4037	1
saudi	4038	1
arabia	4039	1
yy	4040	1
ntp	4041	1
radian	4042	1
stores	4043	3
unencoded	4044	4
subscription	4045	3
wipe	4046	1
subrectangle	4047	5
built	4048	7
media	4049	2
smalltalkhub	4050	2
haiti	4051	1
uneven	4052	2
divide	4053	10
xoffset	4054	2
yoffset	4055	2
unkown	4056	1
specials	4057	1
meter	4058	3
understands	4059	4
follower	4060	2
impact	4061	5
preambles	4062	1
cancelled	4063	7
surname	4064	2
integration	4065	5
romberg	4066	1
initx	4067	1
shy	4068	4
multibyte	4069	4
multiplicate	4070	3
sleep	4071	1
redirects	4072	3
testrom	4073	1
quadratic	4074	3
tester	4075	3
tower	4076	2
successes	4077	2
who	4078	3
repetition	4079	7
collab	4080	1
advance	4081	16
laos	4082	1
quo	4083	4
osm	4084	2
gender	4085	2
angles	4086	1
integral	4087	5
animated	4088	12
norway	4089	1
lighter	4090	2
yyyy	4091	1
borderline	4092	1
largest	4093	14
dividing	4094	3
affine	4095	3
subtrees	4096	5
scaling	4097	6
arithmetic	4098	6
generic	4099	7
trimerge	4100	1
buf	4101	4
sema	4102	8
corrections	4103	2
forms	4104	2
systemsettings	4105	1
unprotected	4106	1
validity	4107	3
uninstalled	4108	3
constituent	4109	2
hint	4110	7
boxes	4111	6
decor	4112	1
resizers	4113	5
superior	4114	1
unnormalized	4115	3
dmin	4116	1
dmax	4117	1
lmin	4118	2
lmax	4119	2
graphs	4120	2
wrench	4121	2
booleans	4122	1
hack	4123	1
weekday	4124	3
convencience	4125	1
enhancer	4126	3
gnbu	4127	1
abstractness	4128	3
protected	4129	10
profiling	4130	2
mappers	4131	5
helo	4132	2
phrase	4133	2
initiate	4134	2
printed	4135	2
trial	4136	1
browsers	4137	3
langauge	4138	1
team	4139	1
helper	4140	3
simpson	4141	1
beams	4142	3
overlap	4143	4
wrapping	4144	8
anscentor	4145	1
gestures	4146	3
questions	4147	1
ashift	4148	2
hooks	4149	6
msg	4150	3
retrieved	4151	2
noon	4152	4
june	4153	1
toc	4154	8
chasis	4155	1
disposition	4156	1
ellipses	4157	2
scheduled	4158	2
modifying	4159	1
hashing	4160	2
pepper	4161	5
trues	4162	2
hubs	4163	2
grids	4164	2
synthetic	4165	4
bring	4166	2
topmosts	4167	1
gles	4168	1
blocki	4169	2
undoable	4170	1
reorganize	4171	2
classic	4172	4
crl	4173	2
keyed	4174	6
expose	4175	2
sparkline	4176	2
ones	4177	4
sparse	4178	9
excerpt	4179	1
broadcast	4180	3
cropped	4181	4
contours	4182	3
bolivia	4183	1
cp	4184	1
pastel	4185	1
listeners	4186	5
statistical	4187	2
moments	4188	3
checking	4189	2
architecture	4190	1
strictly	4191	1
unavailable	4192	3
gr	4193	1
equator	4194	2
ensuring	4195	7
crosses	4196	2
testparameters	4197	1
basename	4198	6
additions	4199	5
consonant	4200	3
vowel	4201	5
firefox	4202	1
followed	4203	2
beneath	4204	1
nop	4205	3
lapse	4206	1
unhide	4207	1
lower	4208	9
dog	4209	6
surely	4210	1
invoked	4211	7
highest	4212	9
announcers	4213	1
esc	4214	1
koi	4215	2
zeroth	4216	3
license	4217	3
footer	4218	6
cacheable	4219	2
further	4220	1
subscribes	4221	5
catched	4222	2
cloudy	4223	1
knoxville	4224	1
watch	4225	6
instrs	4226	1
avoid	4227	4
primes	4228	4
automatically	4229	4
saving	4230	7
telephones	4231	2
unsets	4232	5
nautilus	4233	2
toward	4234	1
initialized	4235	3
choices	4236	7
describing	4237	1
decorators	4238	5
mentioned	4239	2
inherit	4240	4
attraction	4241	2
score	4242	2
overshooting	4243	1
interactively	4244	2
xx	4245	4
emails	4246	1
rx	4247	2
foot	4248	2
tokenish	4249	3
ruby	4250	4
redundantly	4251	1
deer	4252	3
gtinspector	4253	1
analyse	4254	3
shot	4255	4
codepage	4256	2
len	4257	4
stale	4258	6
graphics	4259	2
orient	4260	6
reformat	4261	1
directed	4262	6
rowwise	4263	1
simplest	4264	5
jpg	4265	4
shadows	4266	2
condense	4267	4
converts	4268	1
memoization	4269	1
underflow	4270	1
negation	4271	1
prepared	4272	1
truth	4273	2
bissection	4274	1
octagon	4275	4
dependants	4276	1
stdout	4277	5
curvy	4278	1
focusability	4279	3
your	4280	2
bdfl	4281	1
admin	4282	1
hell	4283	1
slogan	4284	1
anywhere	4285	2
initalization	4286	1
dialect	4287	1
localized	4288	1
grease	4289	6
seek	4290	3
deffered	4291	1
offside	4292	4
converted	4293	2
painting	4294	2
backends	4295	1
ry	4296	2
deltas	4297	2
made	4298	2
tokenize	4299	1
unknows	4300	1
joe	4301	1
pd	4302	3
phone	4303	2
eps	4304	9
pipe	4305	3
ahh	4306	1
occurences	4307	3
announcements	4308	12
fully	4309	6
populated	4310	2
indenting	4311	3
dataset	4312	6
scc	4313	4
snd	4314	1
stylesheet	4315	2
mapped	4316	2
brightness	4317	5
paired	4318	2
catch	4319	1
computing	4320	1
bl	4321	4
ks	4322	1
statistic	4323	2
overscroll	4324	1
examplecolored	4325	1
lab	4326	2
serialise	4327	1
compression	4328	1
chunking	4329	2
belong	4330	1
reflection	4331	3
junk	4332	3
unadjusted	4333	3
wikimedia	4334	1
beamer	4335	1
winter	4336	1
neva	4337	1
human	4338	2
am	4339	3
otherwise	4340	3
reseting	4341	1
subscriber	4342	6
transport	4343	2
moving	4344	4
cancels	4345	1
medium	4346	3
crontrol	4347	2
timer	4348	5
pitch	4349	7
recenter	4350	1
squeeze	4351	4
seeked	4352	1
sensor	4353	2
framework	4354	6
instantiated	4355	1
approximation	4356	2
five	4357	2
yvalues	4358	1
dirtiness	4359	1
anim	4360	1
standout	4361	1
bands	4362	4
depending	4363	3
packer	4364	1
rpg	4365	4
cusp	4366	1
applicable	4367	3
caledonia	4368	1
heun	4369	2
replacements	4370	3
subordinate	4371	2
macintosh	4372	2
creator	4373	4
dominated	4374	2
cleanse	4375	2
interrupted	4376	4
tthis	4377	1
purge	4378	1
iframe	4379	2
soft	4380	7
linebreak	4381	5
httponly	4382	1
scripter	4383	2
bgra	4384	2
fifth	4385	4
exceding	4386	1
chicken	4387	2
evolution	4388	2
et	4389	1
markdown	4390	1
promote	4391	1
subset	4392	3
bible	4393	2
nonce	4394	1
drain	4395	1
lasting	4396	1
recomposition	4397	1
dev	4398	2
protect	4399	5
china	4400	1
official	4401	1
recompile	4402	9
components	4403	9
subtitle	4404	3
wire	4405	5
neo	4406	3
inheriting	4407	4
gcpointer	4408	1
discarding	4409	6
informing	4410	1
traverser	4411	1
weights	4412	3
redirected	4413	1
decomposed	4414	4
fmin	4415	2
porter	4416	1
behaviornewnew	4417	1
crash	4418	1
tratis	4419	1
slovakia	4420	1
autosubmit	4421	1
simulators	4422	1
keymappings	4423	3
balanced	4424	1
puor	4425	1
detail	4426	2
tablet	4427	5
existent	4428	2
room	4429	1
todo	4430	7
gitolite	4431	2
namess	4432	1
ss	4433	3
polygone	4434	1
pred	4435	2
exludeded	4436	1
benchmarks	4437	2
pie	4438	6
col	4439	2
semicolons	4440	2
coherency	4441	1
repetitive	4442	2
amask	4443	3
sampling	4444	3
sybscriptions	4445	1
secs	4446	4
stopping	4447	3
befor	4448	2
colorbuffer	4449	2
nowhere	4450	1
stacked	4451	5
joystick	4452	7
queried	4453	1
interquartile	4454	1
sending	4455	5
agents	4456	2
hudred	4457	1
embellish	4458	1
rightward	4459	1
insignificant	4460	1
bbb	4461	1
authorship	4462	1
occurence	4463	4
opportunity	4464	2
columnwise	4465	1
instead	4466	8
augment	4467	2
dequeue	4468	9
dependend	4469	2
slow	4470	4
eg	4471	1
homogenize	4472	1
aligning	4473	1
latex	4474	12
chapter	4475	6
collate	4476	3
grayscale	4477	2
mcu	4478	3
magritte	4479	5
usages	4480	2
parameterized	4481	6
philippines	4482	1
testwith	4483	1
bmp	4484	3
airports	4485	1
unpreemptively	4486	1
ansi	4487	1
mahalanobis	4488	1
alternative	4489	6
gridding	4490	2
erroneous	4491	2
progressbar	4492	1
postpone	4493	2
compressed	4494	2
need	4495	8
unaccepted	4496	12
clicking	4497	2
deselects	4498	1
consecutive	4499	2
texts	4500	3
transforms	4501	1
slown	4502	2
keeping	4503	4
cool	4504	2
ballistic	4505	3
informs	4506	4
changeable	4507	3
optimizer	4508	2
rescale	4509	1
historical	4510	2
aloss	4511	1
slips	4512	2
executors	4513	1
activates	4514	5
undecorated	4515	1
rabbit	4516	2
rate	4517	6
appendix	4518	1
fee	4519	2
transferred	4520	1
shower	4521	1
wake	4522	3
ddd	4523	2
recompilation	4524	2
miku	4525	1
aligns	4526	3
decoding	4527	2
obtains	4528	2
inferior	4529	1
dim	4530	5
truncated	4531	13
memo	4532	2
localhost	4533	4
awaken	4534	1
inherits	4535	7
websocket	4536	1
superset	4537	1
bookmark	4538	3
pat	4539	1
turn	4540	2
places	4541	6
duplication	4542	2
sunburst	4543	3
spans	4544	2
scatter	4545	2
znclient	4546	1
influence	4547	1
testline	4548	1
cube	4549	3
reads	4550	5
intercell	4551	2
rewriter	4552	1
formatter	4553	4
easing	4554	3
kerning	4555	2
presence	4556	4
testcolor	4557	1
whose	4558	2
danger	4559	1
mono	4560	1
processed	4561	2
trapeze	4562	1
organizations	4563	1
idle	4564	5
endianness	4565	6
examplescatter	4566	1
plots	4567	1
pause	4568	3
testdefault	4569	1
night	4570	1
syle	4571	1
hor	4572	2
fine	4573	2
anchored	4574	2
contention	4575	3
numbered	4576	3
detecting	4577	4
dumbbell	4578	2
tranformation	4579	1
regexp	4580	3
concatenate	4581	1
rescan	4582	1
stateless	4583	2
crabc	4584	2
titlecase	4585	2
authority	4586	3
disconnect	4587	2
unconnected	4588	2
instantiable	4589	1
rss	4590	1
approximate	4591	2
emoji	4592	2
trip	4593	3
interpretation	4594	2
pad	4595	13
subscope	4596	3
hub	4597	3
customize	4598	3
locales	4599	3
mutation	4600	2
cleaned	4601	2
mul	4602	3
annonymous	4603	1
puzzle	4604	1
peak	4605	1
notebook	4606	2
collpased	4607	1
comparision	4608	1
stirling	4609	1
clients	4610	3
enclosed	4611	2
mocksystemsettings	4612	1
ci	4613	3
outlier	4614	1
querying	4615	1
digital	4616	2
simulating	4617	1
really	4618	5
io	4619	2
runner	4620	7
associated	4621	3
occurs	4622	3
cascading	4623	2
gfx	4624	1
saver	4625	1
parallel	4626	1
concepts	4627	2
outdated	4628	2
inheritances	4629	5
rewind	4630	1
infinity	4631	4
profiler	4632	4
indicated	4633	1
october	4634	1
leaking	4635	1
chomp	4636	2
dispatchers	4637	2
lithuania	4638	1
cause	4639	2
renderbuffers	4640	2
rooms	4641	2
examplefor	4642	1
setback	4643	1
grade	4644	3
problematic	4645	2
refcount	4646	1
signals	4647	4
accesing	4648	2
heineken	4649	2
yields	4650	2
omitted	4651	1
eager	4652	1
synchronously	4653	1
due	4654	10
you	4655	2
funky	4656	1
daffy	4657	1
duck	4658	1
commot	4659	1
fragmented	4660	1
postambles	4661	1
emptyif	4662	2
mergeable	4663	3
treeshold	4664	1
scatterplot	4665	3
transfered	4666	3
accepting	4667	2
unbounded	4668	2
concatenated	4669	1
brackets	4670	5
circularity	4671	1
slant	4672	4
burning	4673	1
spring	4674	2
rf	4675	3
testpoints	4676	1
better	4677	2
codetype	4678	1
classname	4679	2
fractional	4680	1
inbox	4681	1
deepest	4682	1
faded	4683	1
storage	4684	4
xand	4685	1
accelerated	4686	3
capitalization	4687	7
older	4688	3
phlow	4689	5
liner	4690	1
cloud	4691	2
stateful	4692	1
masking	4693	2
flood	4694	2
tolerance	4695	7
enqueued	4696	3
tuning	4697	1
supers	4698	1
tuples	4699	2
autoscale	4700	1
stacking	4701	2
bitamp	4702	1
predecessors	4703	2
lagrange	4704	2
tutorial	4705	2
ran	4706	3
executable	4707	1
thicker	4708	1
maximizer	4709	1
referencial	4710	1
outdent	4711	1
calc	4712	5
scanned	4713	1
wording	4714	2
collector	4715	3
what	4716	3
rmove	4717	1
ieee	4718	2
versus	4719	2
nis	4720	1
trapezoid	4721	2
heigh	4722	2
spur	4723	1
travis	4724	1
yml	4725	1
vbgr	4726	1
famixn	4727	1
ame	4728	1
differences	4729	1
fresh	4730	1
kinds	4731	1
originated	4732	1
modificated	4733	2
toview	4734	1
busy	4735	1
controlling	4736	2
exemple	4737	1
performed	4738	2
grips	4739	6
opaque	4740	6
neither	4741	1
nor	4742	1
secret	4743	1
detection	4744	6
barrier	4745	3
xxx	4746	3
subfolders	4747	1
centers	4748	3
management	4749	1
mourn	4750	2
device	4751	6
bounded	4752	3
backups	4753	1
adaptors	4754	2
derive	4755	2
se	4756	2
iend	4757	1
beziers	4758	3
cookiejar	4759	1
rng	4760	1
forked	4761	4
entitled	4762	4
modeltest	4763	1
unhandled	4764	3
come	4765	3
reflectivity	4766	2
dodge	4767	1
descendants	4768	3
layered	4769	3
gain	4770	2
online	4771	1
succeeds	4772	3
excessive	4773	2
spanshot	4774	2
lru	4775	1
raising	4776	1
clossary	4777	1
logged	4778	12
numerator	4779	2
ps	4780	2
relax	4781	3
controls	4782	1
organisation	4783	3
refers	4784	4
targeted	4785	1
scales	4786	4
important	4787	2
uncommented	4788	2
reach	4789	1
crossings	4790	2
seasidestar	4791	1
strange	4792	1
ireland	4793	1
sibblings	4794	1
london	4795	1
exectute	4796	3
sastify	4797	2
schemes	4798	3
sweep	4799	2
elementnteraction	4800	1
athen	4801	1
collistion	4802	1
entered	4803	6
nmtoken	4804	1
reverted	4805	1
yourself	4806	4
eyes	4807	1
ddmmyyyy	4808	1
sampled	4809	1
epub	4810	1
well	4811	3
ints	4812	1
postponed	4813	2
flexible	4814	1
orientations	4815	1
interruption	4816	1
dqdt	4817	1
dfb	4818	2
dominican	4819	1
bcc	4820	1
respository	4821	2
intance	4822	1
reattach	4823	1
findx	4824	1
share	4825	3
fruits	4826	1
unreal	4827	2
recently	4828	2
stays	4829	1
lambda	4830	2
descendant	4831	3
falsepositive	4832	1
downward	4833	1
welcome	4834	6
revwalk	4835	1
minimizer	4836	2
implementation	4837	3
constellation	4838	2
lighten	4839	2
mathematical	4840	1
stackp	4841	1
pivot	4842	5
backtrack	4843	3
ages	4844	1
bevels	4845	2
bpp	4846	2
person	4847	6
invoking	4848	3
aggregator	4849	1
safari	4850	2
natural	4851	4
trail	4852	3
suppress	4853	2
inputs	4854	1
aspects	4855	3
serializing	4856	2
assign	4857	11
exampletime	4858	1
trailers	4859	1
deviations	4860	2
increasing	4861	2
meaningfull	4862	2
codebase	4863	1
assigns	4864	2
entropy	4865	1
centred	4866	1
measurements	4867	1
inflexion	4868	1
placed	4869	3
referring	4870	1
limits	4871	1
rare	4872	1
opcode	4873	1
refreshed	4874	1
stalled	4875	1
framed	4876	2
themed	4877	2
continuing	4878	1
boxses	4879	1
strongly	4880	2
reifications	4881	2
fmax	4882	1
flushed	4883	1
pulled	4884	1
basics	4885	2
brink	4886	1
overwhelmed	4887	1
donut	4888	1
bandwidth	4889	1
exceeded	4890	1
furthest	4891	1
utils	4892	4
interested	4893	3
imgglyphiconshalflings	4894	1
unreferenced	4895	5
capturing	4896	1
seperator	4897	1
pluggin	4898	3
netscape	4899	2
assembly	4900	1
archetype	4901	4
associate	4902	2
upward	4903	1
appending	4904	1
getstr	4905	1
rfc	4906	4
unqualified	4907	2
multicounter	4908	1
transaction	4909	3
peel	4910	3
chapters	4911	1
correlation	4912	1
materialized	4913	3
flatten	4914	9
overshoot	4915	1
indefinitely	4916	4
unexistent	4917	3
tommorrow	4918	1
replication	4919	2
preffered	4920	1
triggerer	4921	2
traversable	4922	1
indexable	4923	2
librarian	4924	1
ruturns	4925	1
announcing	4926	2
grand	4927	2
telescope	4928	6
sbit	4929	2
uptodate	4930	1
resetable	4931	2
pinned	4932	3
returnes	4933	1
idct	4934	1
directional	4935	1
quad	4936	6
brown	4937	1
testrs	4938	1
neighbourg	4939	2
significand	4940	3
efferent	4941	3
coupling	4942	7
yrel	4943	1
fl	4944	1
alarms	4945	1
alphabetic	4946	1
dollar	4947	2
timespans	4948	1
vmsdl	4949	1
imaginary	4950	1
enumerable	4951	3
activators	4952	1
nepal	4953	1
awith	4954	1
aand	4955	1
jacobi	4956	1
produces	4957	3
critics	4958	4
newlines	4959	3
universal	4960	1
transferring	4961	1
globale	4962	1
bugs	4963	1
bunny	4964	1
buildings	4965	2
kampung	4966	2
melayu	4967	2
generators	4968	2
totals	4969	1
cameroon	4970	1
hero	4971	3
tenuring	4972	1
changeset	4973	1
smart	4974	1
subcheckmenu	4975	1
singleline	4976	1
fractions	4977	2
ccc	4978	2
compulsory	4979	4
floatregargsp	4980	1
misconfigured	4981	1
contain	4982	3
decompiling	4983	2
fips	4984	2
features	4985	1
mgr	4986	3
books	4987	2
bson	4988	1
desynchronized	4989	3
worm	4990	2
capture	4991	1
flexibility	4992	1
dumped	4993	1
residuals	4994	2
dither	4995	2
cleaning	4996	3
alignments	4997	1
austria	4998	1
edged	4999	1
kernel	5000	6
emphasized	5001	3
equalizing	5002	2
sbpath	5003	2
bookmarks	5004	2
f	5005	7
coordinate	5006	2
freed	5007	1
ret	5008	3
prune	5009	3
launch	5010	1
panels	5011	3
agm	5012	1
lonely	5013	3
centroid	5014	1
sublist	5015	1
mem	5016	1
columned	5017	2
silhouette	5018	1
vrgb	5019	1
madagascar	5020	1
switched	5021	1
noop	5022	1
turkmenistan	5023	1
printable	5024	4
seventh	5025	4
bundle	5026	2
transformable	5027	3
mirrow	5028	1
rigidity	5029	3
expended	5030	4
concerned	5031	1
tooltip	5032	5
callee	5033	1
simultaneous	5034	2
tippet	5035	2
intevals	5036	1
sweden	5037	1
permits	5038	1
thumbnailing	5039	1
overlaps	5040	2
fundamental	5041	1
replica	5042	2
stateof	5043	1
luminance	5044	1
protector	5045	1
fff	5046	2
wanted	5047	1
trap	5048	2
reinitialize	5049	2
freedom	5050	4
compound	5051	4
greys	5052	1
postloads	5053	1
guinea	5054	3
pig	5055	3
herd	5056	1
channel	5057	2
displaying	5058	7
testvalue	5059	1
reorder	5060	4
magic	5061	2
testi	5062	1
statisfy	5063	1
relationship	5064	1
parity	5065	1
passes	5066	1
griewank	5067	1
april	5068	1
pink	5069	2
repeats	5070	1
resolving	5071	2
hypotheses	5072	1
timings	5073	1
sudan	5074	1
greenland	5075	1
collapsible	5076	1
martin	5077	1
monticiello	5078	1
subexpression	5079	2
inw	5080	1
vanuatu	5081	1
pentagon	5082	3
glue	5083	1
blockcounter	5084	1
incremented	5085	1
visiting	5086	1
traversing	5087	2
unbind	5088	3
collectionmax	5089	1
unoptimized	5090	1
unline	5091	1
sons	5092	1
ii	5093	1
graphic	5094	3
cosine	5095	1
netherlands	5096	1
achor	5097	1
eigenvector	5098	1
genders	5099	1
generalizations	5100	4
hats	5101	1
closable	5102	2
ngon	5103	1
polymetric	5104	1
malawi	5105	1
oranges	5106	1
testone	5107	1
neg	5108	2
euclidean	5109	1
elastic	5110	3
cauchy	5111	1
standalone	5112	2
appear	5113	3
retreive	5114	3
rel	5115	1
carry	5116	1
dithering	5117	1
mir	5118	2
comparer	5119	1
wordings	5120	1
classe	5121	1
georgia	5122	1
adapting	5123	2
detent	5124	1
multiples	5125	1
themer	5126	1
afferent	5127	3
illegal	5128	3
expands	5129	1
defs	5130	1
operational	5131	1
testkd	5132	1
predicates	5133	1
paeth	5134	1
predict	5135	1
environ	5136	1
received	5137	3
mailto	5138	1
bans	5139	1
traversal	5140	2
undefinitely	5141	1
thursday	5142	1
favicon	5143	2
xt	5144	1
aux	5145	1
cambodia	5146	1
tabulation	5147	1
fwith	5148	1
shorten	5149	1
highlighters	5150	1
cost	5151	1
attributed	5152	4
expiration	5153	1
connectable	5154	1
climb	5155	1
subtype	5156	1
paramters	5157	1
chad	5158	1
preserving	5159	1
cc	5160	1
wrappers	5161	3
processand	5162	1
testreduce	5163	1
responds	5164	1
preparing	5165	1
trimmer	5166	3
vendor	5167	2
burundi	5168	1
registrations	5169	5
uf	5170	1
dungeon	5171	1
visualize	5172	1
luminosity	5173	1
testopening	5174	1
focal	5175	4
eight	5176	1
autocomplete	5177	2
switzerland	5178	1
annotationith	5179	1
ambigous	5180	1
encapsulating	5181	1
unresizeable	5182	1
permuted	5183	2
biggest	5184	3
porky	5185	1
pinable	5186	1
marked	5187	4
students	5188	1
rdylgn	5189	1
defers	5190	1
nominally	5191	1
backdrop	5192	1
resultby	5193	1
bounced	5194	2
decrypted	5195	2
coding	5196	1
ylorrd	5197	1
sync	5198	1
emax	5199	1
bgiframe	5200	1
les	5201	1
divisible	5202	1
backport	5203	2
yemen	5204	1
owning	5205	3
sni	5206	2
paraguay	5207	1
seism	5208	3
ancestry	5209	3
picking	5210	1
quadric	5211	1
rolled	5212	2
autoselect	5213	1
spaced	5214	5
seastar	5215	1
blind	5216	1
extention	5217	1
meet	5218	1
quartil	5219	2
transparency	5220	2
feaux	5221	2
ico	5222	4
boxed	5223	2
oman	5224	1
seisms	5225	1
gshift	5226	1
subrectangles	5227	1
mini	5228	2
jetty	5229	1
dangerously	5230	1
dna	5231	1
testcheck	5232	1
unstyled	5233	3
workaround	5234	1
chained	5235	1
switches	5236	1
cleared	5237	4
examplenested	5238	1
viewing	5239	1
palettes	5240	1
substracting	5241	2
solver	5242	2
buffering	5243	2
verbatim	5244	3
papua	5245	1
rem	5246	2
outlines	5247	1
labelling	5248	1
angola	5249	1
edition	5250	1
uppercasing	5251	1
mocks	5252	1
dictinary	5253	1
sumulated	5254	1
getnum	5255	1
married	5256	3
migrations	5257	1
keysym	5258	1
assimilate	5259	1
wildcard	5260	1
gluitin	5261	1
recompute	5262	1
amend	5263	1
hints	5264	2
detatched	5265	1
snapshoting	5266	1
ghana	5267	1
acronym	5268	2
elipsis	5269	1
ecuador	5270	1
mag	5271	1
nanos	5272	4
rad	5273	1
memoize	5274	1
tuple	5275	2
previously	5276	1
vert	5277	1
flinger	5278	1
xrel	5279	1
recalculate	5280	1
criteria	5281	2
unbalanced	5282	1
swa	5283	1
mali	5284	1
unimplemented	5285	4
framebuffers	5286	3
implements	5287	2
bark	5288	1
cellpadding	5289	1
contribution	5290	3
textures	5291	3
hungary	5292	1
nestings	5293	1
bulirsch	5294	1
stoer	5295	1
greatest	5296	1
filesize	5297	1
exportable	5298	2
indonesia	5299	1
eqeq	5300	1
mute	5301	1
responses	5302	1
immutable	5303	1
simplicity	5304	1
cities	5305	4
dragboard	5306	3
mcz	5307	3
inexact	5308	2
ambiguous	5309	1
indented	5310	2
rerun	5311	1
testindex	5312	1
suites	5313	4
amplitude	5314	1
wiggle	5315	2
coherence	5316	1
oneline	5317	1
tiny	5318	1
bidirection	5319	1
remake	5320	1
stakeholder	5321	1
deg	5322	1
venezuela	5323	1
jacobian	5324	1
canonical	5325	1
owned	5326	1
shortest	5327	2
reveal	5328	5
expirations	5329	2
miss	5330	1
computations	5331	1
glues	5332	3
archie	5333	1
having	5334	4
permited	5335	2
onload	5336	1
converters	5337	2
movable	5338	2
requiered	5339	1
packed	5340	2
unstable	5341	1
eighths	5342	1
projections	5343	1
payment	5344	1
targe	5345	1
lookaround	5346	2
breadcrumb	5347	3
endings	5348	4
camel	5349	2
derivatives	5350	3
formed	5351	2
datasource	5352	1
predominant	5353	2
chastes	5354	2
numerical	5355	1
anidated	5356	1
agent	5357	2
simmetric	5358	3
enitity	5359	3
sees	5360	1
misaligned	5361	2
progressed	5362	1
inversion	5363	1
geo	5364	1
currents	5365	1
hundred	5366	2
ajaxifier	5367	1
crtab	5368	2
embed	5369	2
debuggers	5370	2
boost	5371	1
overall	5372	3
dispatched	5373	1
chronia	5374	1
hausdorff	5375	1
toolbox	5376	2
arcs	5377	2
ordinal	5378	1
answering	5379	1
decoder	5380	4
maximizing	5381	1
accordion	5382	2
squeezing	5383	1
bitbucket	5384	3
cumsum	5385	2
naive	5386	2
emergency	5387	1
calculation	5388	1
also	5389	1
outermenu	5390	1
atx	5391	1
zinc	5392	2
injecting	5393	2
isa	5394	1
leftward	5395	1
eighty	5396	2
cover	5397	2
degenerate	5398	1
recategorize	5399	2
posible	5400	1
attempt	5401	2
grown	5402	1
barchart	5403	1
appropriate	5404	3
hibernate	5405	2
away	5406	1
divided	5407	1
transformers	5408	1
ncolors	5409	1
environments	5410	1
logon	5411	1
submetamodles	5412	1
helix	5413	1
modally	5414	1
propotional	5415	1
invocable	5416	1
customizing	5417	1
signaler	5418	1
qtip	5419	1
pill	5420	1
datetimelocal	5421	1
leveln	5422	1
interpreter	5423	3
submetamodels	5424	1
internet	5425	2
animating	5426	2
sanitize	5427	3
factories	5428	1
ukraine	5429	1
saved	5430	3
bshift	5431	2
almost	5432	1
hatch	5433	3
reply	5434	1
uncapitalized	5435	1
romania	5436	1
cloning	5437	1
duplications	5438	1
kinda	5439	1
redefines	5440	1
hollow	5441	1
annote	5442	1
effectively	5443	1
puerto	5444	1
rico	5445	1
referenceable	5446	1
losing	5447	1
subs	5448	1
eigenvectors	5449	1
vectors	5450	3
viewport	5451	1
composing	5452	3
redoable	5453	1
dfs	5454	1
signs	5455	2
condensed	5456	1
affinities	5457	1
cpath	5458	1
copyto	5459	1
preceeds	5460	1
extractor	5461	2
reclaimed	5462	1
bimetric	5463	1
picker	5464	3
ultimate	5465	1
supermarket	5466	1
cart	5467	1
prod	5468	1
woody	5469	1
woodpecker	5470	1
repels	5471	1
shaft	5472	1
enclose	5473	1
alive	5474	1
jdn	5475	1
symetric	5476	1
resourcer	5477	3
forwarded	5478	1
popper	5479	1
emphase	5480	1
dated	5481	2
inferencer	5482	1
albania	5483	1
eaten	5484	1
surrounding	5485	1
irreducible	5486	1
getflag	5487	1
cdecl	5488	1
documents	5489	2
keymapping	5490	4
hogs	5491	1
languge	5492	2
interleaved	5493	1
proportionals	5494	2
le	5495	1
worktest	5496	1
authentification	5497	1
deprecate	5498	2
reapply	5499	2
keybindings	5500	2
pushed	5501	1
autosave	5502	1
greece	5503	1
centile	5504	1
curl	5505	1
finally	5506	1
undefer	5507	1
driven	5508	2
clearing	5509	1
western	5510	1
sahara	5511	1
instr	5512	1
brazil	5513	1
noc	5514	2
tone	5515	1
student	5516	1
croatia	5517	1
united	5518	1
consistent	5519	1
recognized	5520	1
others	5521	3
templatable	5522	2
march	5523	1
followers	5524	1
reinstall	5525	2
route	5526	4
maxage	5527	1
growing	5528	3
fib	5529	2
numerating	5530	1
updatable	5531	1
mouth	5532	2
stagger	5533	1
neighborhood	5534	2
scg	5535	1
recover	5536	2
guarding	5537	1
paused	5538	2
ebola	5539	1
econflict	5540	1
minimizing	5541	1
puts	5542	1
vee	5543	3
surrender	5544	1
collated	5545	1
bins	5546	3
contrasting	5547	1
sorter	5548	1
previewed	5549	1
simpler	5550	1
bundler	5551	1
twin	5552	3
ever	5553	1
dividend	5554	1
subinstances	5555	1
diffs	5556	2
remembered	5557	1
overlong	5558	1
measuring	5559	3
invalidation	5560	2
packagenames	5561	1
pulsate	5562	1
cdf	5563	1
few	5564	1
qat	5565	1
crossing	5566	1
subtraction	5567	1
each	5568	5
youngest	5569	2
palestine	5570	1
noted	5571	1
rounds	5572	1
foe	5573	1
decompilation	5574	1
symmetrical	5575	1
bloss	5576	1
destinations	5577	2
defect	5578	1
unvisited	5579	1
excess	5580	1
readers	5581	1
visualizations	5582	1
consist	5583	1
diffuse	5584	1
receives	5585	1
tanzania	5586	1
floored	5587	1
polymorph	5588	1
belonging	5589	1
pubugn	5590	1
assoc	5591	2
supeclass	5592	3
trivial	5593	2
res	5594	1
coloring	5595	1
independent	5596	1
unwrap	5597	2
inquiries	5598	2
sys	5599	1
vamd	5600	1
disaled	5601	1
packs	5602	1
cw	5603	1
generating	5604	1
probabilistic	5605	3
rtmethods	5606	1
diacriticals	5607	1
unstyle	5608	3
technical	5609	1
conection	5610	1
overflows	5611	1
xo	5612	1
yo	5613	1
radiuso	5614	1
fourty	5615	1
bouncing	5616	2
caution	5617	1
customization	5618	2
overridable	5619	1
uui	5620	1
ds	5621	1
neighbourhood	5622	1
quantization	5623	1
inversed	5624	1
exposed	5625	3
cytoscapemin	5626	1
ttc	5627	1
ymd	5628	1
zooming	5629	2
hone	5630	1
browseable	5631	1
rot	5632	1
inserting	5633	2
sh	5634	1
examplesin	5635	1
thailand	5636	1
republicof	5637	2
turkey	5638	1
gmask	5639	2
purd	5640	1
expunge	5641	1
notice	5642	1
representatives	5643	1
namein	5644	1
fum	5645	1
opera	5646	1
squeak	5647	1
russian	5648	1
exampledouble	5649	1
crossed	5650	2
spiral	5651	2
january	5652	1
orthogonal	5653	1
worker	5654	1
undeclares	5655	4
exampleedge	5656	1
irc	5657	1
remind	5658	1
fullname	5659	1
unpacking	5660	1
equalization	5661	2
aside	5662	1
successors	5663	3
placing	5664	1
satisfiable	5665	1
universe	5666	2
stars	5667	1
hiding	5668	1
hanged	5669	2
horizonal	5670	2
pom	5671	1
untag	5672	1
multiword	5673	1
burkina	5674	1
faso	5675	1
parenthesized	5676	1
listening	5677	1
telnet	5678	1
characterize	5679	1
lcm	5680	1
convertion	5681	2
jordan	5682	1
partitioning	5683	1
roundtrip	5684	3
crop	5685	1
lengthen	5686	1
alphabetical	5687	1
spawned	5688	1
pale	5689	1
blend	5690	2
inria	5691	1
ie	5692	2
ur	5693	1
lto	5694	1
listed	5695	1
superfluous	5696	1
yyyymmdd	5697	1
wikipedia	5698	1
finite	5699	1
dct	5700	1
patchwork	5701	1
datepicker	5702	1
hammersley	5703	1
charts	5704	1
dic	5705	1
pakistan	5706	1
terminator	5707	1
published	5708	1
six	5709	1
reporting	5710	1
unrelated	5711	1
realize	5712	1
filed	5713	3
visbility	5714	1
updater	5715	1
great	5716	1
britian	5717	1
deploy	5718	1
rdbu	5719	1
locals	5720	1
crc	5721	2
viscous	5722	1
fluid	5723	1
diagram	5724	1
anded	5725	1
nine	5726	1
swaziland	5727	1
confirming	5728	1
gopher	5729	1
swasource	5730	1
utilities	5731	1
dimiss	5732	1
styleeditor	5733	1
lena	5734	1
intereset	5735	1
microsecond	5736	1
tenure	5737	1
slight	5738	1
blab	5739	1
considered	5740	1
behavioral	5741	1
subpath	5742	1
declaring	5743	1
managing	5744	1
whatever	5745	2
cy	5746	1
bracketing	5747	1
vacant	5748	1
torch	5749	1
paginated	5750	1
purples	5751	1
shiporder	5752	2
headings	5753	3
henry	5754	1
multiplicator	5755	1
dereferenced	5756	1
macedonia	5757	1
ft	5758	1
luxembourg	5759	1
contoller	5760	1
ulp	5761	2
dnu	5762	2
partitioned	5763	1
bosniaand	5764	1
herzegovina	5765	1
bangladesh	5766	1
composited	5767	1
sensitivity	5768	1
filenames	5769	1
trying	5770	1
pubu	5771	1
dashboard	5772	1
unshifted	5773	1
carriage	5774	1
unrotated	5775	3
transact	5776	1
rfvalue	5777	1
guatemala	5778	1
xeq	5779	1
logs	5780	1
designated	5781	1
varialbe	5782	1
unselecting	5783	1
rfactive	5784	1
reopened	5785	1
beckward	5786	1
substraction	5787	1
communication	5788	1
unreserved	5789	1
autoplay	5790	1
moon	5791	1
flower	5792	1
bullet	5793	1
dsiconnected	5794	1
bare	5795	1
reframe	5796	1
genetic	5797	1
diffy	5798	1
uganda	5799	1
xhr	5800	2
ms	5801	1
serbia	5802	1
hyperbolic	5803	1
salvation	5804	1
wanting	5805	1
deserve	5806	1
fragments	5807	1
clusters	5808	1
brain	5809	1
cdata	5810	2
generality	5811	1
vegetables	5812	1
blueplane	5813	1
car	5814	1
signalable	5815	1
unprocessable	5816	1
legibility	5817	1
russia	5818	1
fps	5819	2
california	5820	1
torank	5821	1
sessionfor	5822	1
cursors	5823	1
taiwan	5824	1
whois	5825	1
corrupted	5826	1
dumponmax	5827	1
screenshot	5828	1
orthogonalize	5829	1
timor	5830	1
leste	5831	1
underlying	5832	1
conf	5833	1
sectioning	5834	1
digest	5835	1
security	5836	1
bookstore	5837	1
lesotho	5838	1
transferable	5839	1
geom	5840	1
dpdt	5841	1
stops	5842	1
ppi	5843	1
reversal	5844	1
autoscaled	5845	1
layouts	5846	1
criticized	5847	1
greeting	5848	1
idat	5849	1
str	5850	1
outter	5851	1
specifc	5852	1
testuse	5853	1
qsort	5854	1
splitted	5855	1
bis	5856	1
canada	5857	1
silent	5858	1
increate	5859	1
crlfcrlf	5860	1
std	5861	1
renggli	5862	1
delayed	5863	1
vii	5864	1
subpresenters	5865	1
carefully	5866	1
guided	5867	2
sunny	5868	1
morning	5869	1
python	5870	1
methodselector	5871	1
nill	5872	1
asymptotic	5873	1
miracle	5874	1
seeds	5875	1
workstation	5876	2
camelcase	5877	1
former	5878	1
ylgnbu	5879	1
reporter	5880	1
staying	5881	1
arent	5882	1
peeker	5883	1
resul	5884	1
deletion	5885	1
either	5886	1
stupid	5887	1
angular	5888	1
substyles	5889	1
damavandi	5890	1
permanent	5891	1
prohect	5892	1
unbound	5893	1
morpheus	5894	1
den	5895	1
cruft	5896	1
examplei	5897	1
everything	5898	2
cotan	5899	1
lizard	5900	1
alphabetically	5901	1
ylorbr	5902	1
produced	5903	1
packagename	5904	1
unicde	5905	1
progressing	5906	1
winrt	5907	1
downp	5908	1
redrawable	5909	1
extenal	5910	1
eol	5911	1
canceled	5912	1
retrieval	5913	1
integrity	5914	1
temper	5915	1
percents	5916	1
behaviors	5917	3
categorized	5918	1
scans	5919	1
gaps	5920	1
letters	5921	1
testslide	5922	1
accessed	5923	2
moribund	5924	1
shadowed	5925	2
captions	5926	1
hosts	5927	1
pid	5928	1
backgrounds	5929	1
completeness	5930	1
popped	5931	1
entitiesin	5932	1
nbsp	5933	1
closer	5934	1
halftone	5935	1
unscrap	5936	1
acknowledge	5937	1
receipt	5938	1
im	5939	1
teapot	5940	1
debbugging	5941	1
packageable	5942	1
restriction	5943	1
cocoa	5944	1
remainder	5945	1
builders	5946	1
preemption	5947	1
subtable	5948	1
prevented	5949	1
shed	5950	1
selvedge	5951	1
paris	5952	1
diverse	5953	1
decoders	5954	1
productions	5955	1
blacklist	5956	1
standby	5957	1
stubs	5958	1
discriminant	5959	1
vey	5960	1
obfuscate	5961	1
conver	5962	1
operators	5963	1
lowlink	5964	2
sed	5965	1
aural	5966	1
baud	5967	1
flatui	5968	1
recycling	5969	1
garbaged	5970	1
fixes	5971	1
shake	5972	1
decl	5973	1
logarithm	5974	1
kamada	5975	1
kawai	5976	1
neuron	5977	1
matchings	5978	1
readme	5979	2
proc	5980	1
<num>	5981	1
flyweel	5982	1
treasure	5983	1
repopulate	5984	1
born	5985	1
conflicted	5986	1
ctx	5987	1
shoudl	5988	1
stationary	5989	1
recusively	5990	1
gi	5991	1
fs	5992	1
recur	5993	1
perpendicular	5994	2
attlist	5995	1
sans	5996	1
huffman	5997	1
commiting	5998	1
cumulative	5999	2
iter	6000	1
warm	6001	1
flame	6002	1
passing	6003	1
nl	6004	1
growby	6005	1
remeasure	6006	1
keeper	6007	1
eqv	6008	1
challenge	6009	1
ucs	6010	1
unembellished	6011	1
subsection	6012	1
announcemets	6013	1
zealand	6014	1
scancode	6015	1
clears	6016	1
nilling	6017	1
absence	6018	1
collision	6019	1
straighten	6020	1
decimals	6021	1
inspectable	6022	1
peru	6023	1
mathing	6024	1
behaviour	6025	1
otherworldly	6026	1
steppers	6027	1
initially	6028	1
macroman	6029	1
hiedra	6030	1
regressed	6031	1
avoids	6032	1
occlusions	6033	1
providing	6034	1
corrupt	6035	1
laid	6036	1
importation	6037	1
guarded	6038	1
press	6039	1
gloss	6040	1
retained	6041	1
oid	6042	1
fmt	6043	1
lead	6044	1
relatively	6045	1
editting	6046	1
mutliple	6047	1
empties	6048	1
qr	6049	1
qi	6050	1
qj	6051	1
qk	6052	1
partitions	6053	1
generates	6054	1
ids	6055	1
guides	6056	1
stretchable	6057	1
constrain	6058	1
spectrum	6059	1
uptade	6060	1
nigeria	6061	1
dropdown	6062	1
rejections	6063	1
definer	6064	1
detailes	6065	1
demos	6066	1
covered	6067	2
suspending	6068	1
servers	6069	1
prioritized	6070	1
collide	6071	1
uncompressed	6072	1
subtitles	6073	1
relabel	6074	1
polynome	6075	1
interpreted	6076	1
nasty	6077	1
conditiona	6078	1
decodes	6079	1
referer	6080	1
hozitonal	6081	1
handheld	6082	1
indents	6083	1
assocition	6084	1
making	6085	1
fair	6086	1
unopened	6087	1
pinbox	6088	1
versioning	6089	1
